from,to,arrows
docs/ai_collaboration/MULTI_AGENT_WORKFLOW.md,MQP.md,to
docs/ai_collaboration/MULTI_AGENT_WORKFLOW.md,ROADMAP.md,to
docs/ai_collaboration/MULTI_AGENT_WORKFLOW.md,docs/process/cross_reference_best_practices.md,to
docs/process/cross_reference_best_practices.md,MQP.md,to
docs/process/cross_reference_best_practices.md,ROADMAP.md,to
docs/process/cross_reference_best_practices.md,docs/process/hierarchical_cross_reference_strategy.md,to
docs/process/cross_reference_best_practices.md,docs/standards/documentation_standards.md,to
docs/process/cross_reference_best_practices.md,docs/process/system_maintenance.md,to
docs/process/cross_reference_best_practices.md,scripts/maintenance/utils/add_reference_headers.py,to
docs/process/cross_reference_best_practices.md,scripts/ci/validate_cross_references.py,to
docs/process/cross_reference_best_practices.md,scripts/analysis/visualize_cross_references.py,to
docs/process/cross_reference_best_practices.md,docs/path/to/related_document.md,to
docs/process/cross_reference_best_practices.md,docs/path/to/another_document.md,to
docs/process/cross_reference_best_practices.md,docs/path/to/related_module.py,to
docs/process/cross_reference_best_practices.md,docs/path/to/another_module.py,to
docs/process/cross_reference_best_practices.md,README.md,to
docs/process/cross_reference_best_practices.md,docs/processors/document_processor.py,to
docs/process/cross_reference_best_practices.md,docs/extractors/metadata_extractor.py,to
docs/process/cross_reference_best_practices.md,docs/process/code_review_process.md,to
docs/process/cross_reference_best_practices.md,scripts/ci/document_validator.py,to
docs/process/cross_reference_best_practices.md,scripts/maintenance/metadata_generator.py,to
docs/guides/SYSTEM_VISUALIZATION_GUIDE.md,MQP.md,to
docs/guides/SYSTEM_VISUALIZATION_GUIDE.md,ROADMAP.md,to
docs/guides/SYSTEM_VISUALIZATION_GUIDE.md,docs/process/cross_reference_best_practices.md,to
docs/guides/VIBE_CODING_GUIDE.md,MQP.md,to
docs/guides/VIBE_CODING_GUIDE.md,ROADMAP.md,to
docs/guides/VIBE_CODING_GUIDE.md,docs/process/cross_reference_best_practices.md,to
docs/integration/ci_cd_cross_reference_integration.md,MQP.md,to
docs/integration/ci_cd_cross_reference_integration.md,ROADMAP.md,to
docs/integration/ci_cd_cross_reference_integration.md,docs/process/cross_reference_management.md,to
docs/integration/ci_cd_cross_reference_integration.md,docs/process/cross_reference_best_practices.md,to
docs/integration/ci_cd_cross_reference_integration.md,docs/process/documentation_standards.md,to
docs/integration/ci_cd_cross_reference_integration.md,scripts/maintenance/cross_reference_executor.py,to
docs/integration/ci_cd_cross_reference_integration.md,scripts/analysis/simple_cross_ref_visualizer.py,to
docs/integration/ci_cd_cross_reference_integration.md,scripts/scheduled/weekly_cross_reference_check.ps1,to
docs/integration/ci_cd_cross_reference_integration.md,.github/workflows/cross-reference-validation.yml,to
scripts/maintenance/cross_reference_executor.py,MQP.md,to
scripts/maintenance/cross_reference_executor.py,ROADMAP.md,to
scripts/maintenance/cross_reference_executor.py,docs/process/cross_reference_management.md,to
scripts/maintenance/cross_reference_executor.py,docs/process/cross_reference_best_practices.md,to
scripts/maintenance/cross_reference_executor.py,docs/process/system_maintenance.md,to
scripts/maintenance/cross_reference_executor.py,scripts/analysis/simple_cross_ref_visualizer.py,to
scripts/maintenance/cross_reference_executor.py,scripts/maintenance/simple_reference_fixer.py,to
scripts/maintenance/cross_reference_executor.py,scripts/ci/validate_cross_references.py,to
scripts/maintenance/cross_reference_executor.py,scripts/scheduled/weekly_cross_reference_check.ps1,to
scripts/analysis/simple_cross_ref_visualizer.py,MQP.md,to
scripts/analysis/simple_cross_ref_visualizer.py,ROADMAP.md,to
scripts/analysis/simple_cross_ref_visualizer.py,docs/process/cross_reference_best_practices.md,to
scripts/analysis/simple_cross_ref_visualizer.py,docs/process/cross_reference_automation.md,to
scripts/analysis/simple_cross_ref_visualizer.py,scripts/analysis/visualize_cross_references.py,to
scripts/analysis/simple_cross_ref_visualizer.py,scripts/ci/validate_cross_references.py,to
scripts/scheduled/weekly_cross_reference_check.ps1,MQP.md,to
scripts/scheduled/weekly_cross_reference_check.ps1,ROADMAP.md,to
scripts/scheduled/weekly_cross_reference_check.ps1,docs/process/cross_reference_management.md,to
scripts/scheduled/weekly_cross_reference_check.ps1,docs/process/system_maintenance.md,to
scripts/scheduled/weekly_cross_reference_check.ps1,scripts/analysis/simple_cross_ref_visualizer.py,to
scripts/scheduled/weekly_cross_reference_check.ps1,scripts/maintenance/simple_reference_fixer.py,to
scripts/scheduled/weekly_cross_reference_check.ps1,scripts/ci/validate_cross_references.py,to
.github/workflows/cross-reference-validation.yml,MQP.md,to
.github/workflows/cross-reference-validation.yml,ROADMAP.md,to
.github/workflows/cross-reference-validation.yml,docs/process/cross_reference_management.md,to
.github/workflows/cross-reference-validation.yml,docs/process/cross_reference_best_practices.md,to
.github/workflows/cross-reference-validation.yml,scripts/ci/validate_cross_references.py,to
.github/workflows/cross-reference-validation.yml,scripts/analysis/simple_cross_ref_visualizer.py,to
.github/workflows/cross-reference-validation.yml,scripts/maintenance/cross_reference_executor.py,to
docs/legacy/backups_inventory.md,MQP.md,to
docs/legacy/backups_inventory.md,ROADMAP.md,to
docs/legacy/backups_inventory.md,docs/process/cross_reference_best_practices.md,to
docs/legacy/core_inventory.md,MQP.md,to
docs/legacy/core_inventory.md,ROADMAP.md,to
docs/legacy/core_inventory.md,docs/process/cross_reference_best_practices.md,to
docs/legacy/docs_inventory.md,MQP.md,to
docs/legacy/docs_inventory.md,ROADMAP.md,to
docs/legacy/docs_inventory.md,docs/process/cross_reference_best_practices.md,to
docs/legacy/egos_inventory_sample.md,MQP.md,to
docs/legacy/egos_inventory_sample.md,ROADMAP.md,to
docs/legacy/egos_inventory_sample.md,docs/process/cross_reference_best_practices.md,to
docs/legacy/inventory_summary.md,MQP.md,to
docs/legacy/inventory_summary.md,ROADMAP.md,to
docs/legacy/inventory_summary.md,docs/process/cross_reference_best_practices.md,to
docs/legacy/legacy_concepts_analysis.md,MQP.md,to
docs/legacy/legacy_concepts_analysis.md,ROADMAP.md,to
docs/legacy/legacy_concepts_analysis.md,docs/process/cross_reference_best_practices.md,to
docs/legacy/legacy_inventory.md,MQP.md,to
docs/legacy/legacy_inventory.md,ROADMAP.md,to
docs/legacy/legacy_inventory.md,docs/process/cross_reference_best_practices.md,to
docs/legacy/legacy_inventory_insights.md,MQP.md,to
docs/legacy/legacy_inventory_insights.md,ROADMAP.md,to
docs/legacy/legacy_inventory_insights.md,docs/process/cross_reference_best_practices.md,to
docs/legacy/research_inventory.md,MQP.md,to
docs/legacy/research_inventory.md,ROADMAP.md,to
docs/legacy/research_inventory.md,docs/process/cross_reference_best_practices.md,to
docs/legacy/scripts_inventory.md,MQP.md,to
docs/legacy/scripts_inventory.md,ROADMAP.md,to
docs/legacy/scripts_inventory.md,docs/process/cross_reference_best_practices.md,to
docs/legacy/strategic_thinking_inventory.md,MQP.md,to
docs/legacy/strategic_thinking_inventory.md,ROADMAP.md,to
docs/legacy/strategic_thinking_inventory.md,docs/process/cross_reference_best_practices.md,to
docs/legacy/subsystems_inventory.md,MQP.md,to
docs/legacy/subsystems_inventory.md,ROADMAP.md,to
docs/legacy/subsystems_inventory.md,docs/process/cross_reference_best_practices.md,to
docs/policies/file_retention_policy.md,MQP.md,to
docs/policies/file_retention_policy.md,ROADMAP.md,to
docs/policies/file_retention_policy.md,docs/process/cross_reference_best_practices.md,to
docs/prd/legacy_integration_prd.md,MQP.md,to
docs/prd/legacy_integration_prd.md,ROADMAP.md,to
docs/prd/legacy_integration_prd.md,docs/process/cross_reference_best_practices.md,to
docs/process/aesthetic_standards_review.md,MQP.md,to
docs/process/aesthetic_standards_review.md,ROADMAP.md,to
docs/process/aesthetic_standards_review.md,docs/process/cross_reference_best_practices.md,to
docs/process/aesthetic_validation.md,MQP.md,to
docs/process/aesthetic_validation.md,ROADMAP.md,to
docs/process/aesthetic_validation.md,docs/process/cross_reference_best_practices.md,to
docs/process/aesthetic_validation_ci_integration.md,MQP.md,to
docs/process/aesthetic_validation_ci_integration.md,ROADMAP.md,to
docs/process/aesthetic_validation_ci_integration.md,docs/process/cross_reference_best_practices.md,to
docs/process/aesthetic_validation_improvements.md,MQP.md,to
docs/process/aesthetic_validation_improvements.md,ROADMAP.md,to
docs/process/aesthetic_validation_improvements.md,docs/process/cross_reference_best_practices.md,to
docs/process/agent_operational_rules.md,MQP.md,to
docs/process/agent_operational_rules.md,ROADMAP.md,to
docs/process/agent_operational_rules.md,docs/process/cross_reference_best_practices.md,to
docs/process/automated_docstring_fixing.md,MQP.md,to
docs/process/automated_docstring_fixing.md,ROADMAP.md,to
docs/process/automated_docstring_fixing.md,docs/process/cross_reference_best_practices.md,to
docs/process/backup_management.md,MQP.md,to
docs/process/backup_management.md,ROADMAP.md,to
docs/process/backup_management.md,docs/process/cross_reference_best_practices.md,to
docs/process/code_health_checks.md,MQP.md,to
docs/process/code_health_checks.md,ROADMAP.md,to
docs/process/code_health_checks.md,docs/process/cross_reference_best_practices.md,to
docs/process/continuous_improvement_koios.md,MQP.md,to
docs/process/continuous_improvement_koios.md,ROADMAP.md,to
docs/process/continuous_improvement_koios.md,docs/process/cross_reference_best_practices.md,to
docs/process/cross_reference_automation.md,MQP.md,to
docs/process/cross_reference_automation.md,ROADMAP.md,to
docs/process/cross_reference_automation.md,docs/process/cross_reference_best_practices.md,to
docs/process/cross_reference_automation.md,docs/process/system_maintenance.md,to
docs/process/cross_reference_automation.md,docs/process/hierarchical_cross_reference_strategy.md,to
docs/process/cross_reference_automation.md,scripts/maintenance/utils/add_cross_references_helper.py,to
docs/process/cross_reference_automation.md,scripts/ci/validate_cross_references.py,to
docs/process/cross_reference_automation.md,scripts/analysis/visualize_cross_references.py,to
docs/process/system_maintenance.md,MQP.md,to
docs/process/system_maintenance.md,ROADMAP.md,to
docs/process/system_maintenance.md,docs/process/hierarchical_cross_reference_strategy.md,to
docs/process/system_maintenance.md,docs/process/cross_reference_best_practices.md,to
docs/process/system_maintenance.md,docs/process/backup_management.md,to
docs/process/system_maintenance.md,scripts/maintenance/utils/cleanup_system_files.py,to
docs/process/system_maintenance.md,scripts/maintenance/utils/add_reference_headers.py,to
docs/process/system_maintenance.md,scripts/maintenance/scheduled/weekly_cross_reference_validation.ps1,to
scripts/maintenance/utils/add_cross_references_helper.py,MQP.md,to
scripts/maintenance/utils/add_cross_references_helper.py,ROADMAP.md,to
scripts/maintenance/utils/add_cross_references_helper.py,docs/process/cross_reference_best_practices.md,to
scripts/maintenance/utils/add_cross_references_helper.py,docs/process/system_maintenance.md,to
scripts/maintenance/utils/add_cross_references_helper.py,docs/process/hierarchical_cross_reference_strategy.md,to
scripts/maintenance/utils/add_cross_references_helper.py,scripts/ci/validate_cross_references.py,to
scripts/maintenance/utils/add_cross_references_helper.py,scripts/analysis/visualize_cross_references.py,to
scripts/maintenance/utils/add_cross_references_helper.py,scripts/scheduled/weekly_cross_reference_validation.ps1,to
docs/process/cross_reference_visualization.md,MQP.md,to
docs/process/cross_reference_visualization.md,ROADMAP.md,to
docs/process/cross_reference_visualization.md,cross_reference_management.md,to
docs/process/cross_reference_visualization.md,path_exclusion_pattern.md,to
docs/process/cross_reference_visualization.md,scripts/analysis/enhanced_cross_ref_dashboard.py,to
docs/process/cross_reference_visualization.md,scripts/analysis/cross_ref_web_exporter.py,to
docs/process/cross_reference_visualization.md,scripts/maintenance/utils/path_exclusion.py,to
docs/process/cross_reference_visualization.md,docs/dashboard/cross-references.html,to
docs/process/cross_reference_visualization.md,docs/dashboard/js/dashboard.js,to
docs/process/cross_reference_visualization.md,docs/dashboard/css/dashboard.css,to
scripts/analysis/cross_ref_web_exporter.py,MQP.md,to
scripts/analysis/cross_ref_web_exporter.py,ROADMAP.md,to
scripts/analysis/cross_ref_web_exporter.py,scripts/analysis/enhanced_cross_ref_dashboard.py,to
scripts/analysis/cross_ref_web_exporter.py,scripts/maintenance/utils/path_exclusion.py,to
scripts/analysis/cross_ref_web_exporter.py,docs/process/cross_reference_management.md,to
scripts/analysis/cross_ref_web_exporter.py,docs/process/path_exclusion_pattern.md,to
docs/dashboard/cross-references.html,MQP.md,to
docs/dashboard/cross-references.html,ROADMAP.md,to
docs/dashboard/cross-references.html,scripts/analysis/enhanced_cross_ref_dashboard.py,to
docs/dashboard/cross-references.html,scripts/maintenance/utils/path_exclusion.py,to
docs/dashboard/cross-references.html,docs/process/cross_reference_management.md,to
docs/dashboard/cross-references.html,docs/process/path_exclusion_pattern.md,to
docs/dashboard/js/dashboard.js,MQP.md,to
docs/dashboard/js/dashboard.js,ROADMAP.md,to
docs/dashboard/js/dashboard.js,scripts/analysis/enhanced_cross_ref_dashboard.py,to
docs/dashboard/js/dashboard.js,scripts/maintenance/utils/path_exclusion.py,to
docs/dashboard/css/dashboard.css,MQP.md,to
docs/dashboard/css/dashboard.css,ROADMAP.md,to
docs/dashboard/css/dashboard.css,docs/css/style.css,to
docs/process/dashboard_koios.md,MQP.md,to
docs/process/dashboard_koios.md,ROADMAP.md,to
docs/process/dashboard_koios.md,docs/process/cross_reference_best_practices.md,to
docs/process/data_flow_architecture.md,MQP.md,to
docs/process/data_flow_architecture.md,ROADMAP.md,to
docs/process/data_flow_architecture.md,docs/process/cross_reference_best_practices.md,to
docs/process/dependency_migration_pydantic_v2.md,MQP.md,to
docs/process/dependency_migration_pydantic_v2.md,ROADMAP.md,to
docs/process/dependency_migration_pydantic_v2.md,docs/process/cross_reference_best_practices.md,to
docs/process/dependency_security_koios.md,MQP.md,to
docs/process/dependency_security_koios.md,ROADMAP.md,to
docs/process/dependency_security_koios.md,docs/process/cross_reference_best_practices.md,to
docs/process/docstring_coverage_koios.md,MQP.md,to
docs/process/docstring_coverage_koios.md,ROADMAP.md,to
docs/process/docstring_ide_integration.md,MQP.md,to
docs/process/docstring_ide_integration.md,ROADMAP.md,to
docs/process/docstring_ide_integration.md,docs/process/cross_reference_best_practices.md,to
docs/process/DOCUMENTATION_METRICS_DASHBOARD.md,MQP.md,to
docs/process/DOCUMENTATION_METRICS_DASHBOARD.md,ROADMAP.md,to
docs/process/DOCUMENTATION_METRICS_DASHBOARD.md,docs/process/cross_reference_best_practices.md,to
docs/process/dynamic_import_resilience.md,MQP.md,to
docs/process/dynamic_import_resilience.md,ROADMAP.md,to
docs/process/dynamic_import_resilience.md,docs/process/cross_reference_best_practices.md,to
docs/process/human_ai_collaboration_guidelines.md,MQP.md,to
docs/process/human_ai_collaboration_guidelines.md,ROADMAP.md,to
docs/process/human_ai_collaboration_guidelines.md,docs/process/cross_reference_best_practices.md,to
docs/process/import_resilience_fixes.md,MQP.md,to
docs/process/import_resilience_fixes.md,ROADMAP.md,to
docs/process/import_resilience_fixes.md,docs/process/cross_reference_best_practices.md,to
docs/process/legacy_cleanup_process.md,MQP.md,to
docs/process/legacy_cleanup_process.md,ROADMAP.md,to
docs/process/legacy_cleanup_process.md,docs/process/cross_reference_best_practices.md,to
docs/process/LEGACY_MIGRATION.md,MQP.md,to
docs/process/LEGACY_MIGRATION.md,ROADMAP.md,to
docs/process/LEGACY_MIGRATION.md,docs/process/cross_reference_best_practices.md,to
docs/process/linting_koios.md,MQP.md,to
docs/process/linting_koios.md,ROADMAP.md,to
docs/process/linting_koios.md,docs/process/cross_reference_best_practices.md,to
docs/process/mvp_koios.md,MQP.md,to
docs/process/mvp_koios.md,ROADMAP.md,to
docs/process/mvp_koios.md,docs/process/cross_reference_best_practices.md,to
docs/process/mycelium_integration_koios.md,MQP.md,to
docs/process/mycelium_integration_koios.md,ROADMAP.md,to
docs/process/mycelium_integration_koios.md,docs/process/cross_reference_best_practices.md,to
docs/process/orchestration_koios.md,MQP.md,to
docs/process/orchestration_koios.md,ROADMAP.md,to
docs/process/orchestration_koios.md,docs/process/cross_reference_best_practices.md,to
docs/process/progress_bar_automation.md,MQP.md,to
docs/process/progress_bar_automation.md,ROADMAP.md,to
docs/process/progress_bar_automation.md,docs/process/cross_reference_best_practices.md,to
docs/process/progress_bar_standardization.md,MQP.md,to
docs/process/progress_bar_standardization.md,ROADMAP.md,to
docs/process/progress_bar_standardization.md,docs/process/cross_reference_best_practices.md,to
docs/process/protocol_adherence_koios.md,MQP.md,to
docs/process/protocol_adherence_koios.md,ROADMAP.md,to
docs/process/protocol_adherence_koios.md,docs/process/cross_reference_best_practices.md,to
docs/process/roadmap_standardization.md,MQP.md,to
docs/process/roadmap_standardization.md,ROADMAP.md,to
docs/process/roadmap_standardization.md,docs/process/cross_reference_best_practices.md,to
docs/process/schema_validation_koios.md,MQP.md,to
docs/process/schema_validation_koios.md,ROADMAP.md,to
docs/process/schema_validation_koios.md,docs/process/cross_reference_best_practices.md,to
docs/process/standardization_reports.md,MQP.md,to
docs/process/standardization_reports.md,ROADMAP.md,to
docs/process/standardization_reports.md,docs/process/cross_reference_best_practices.md,to
docs/process/standardizer_html_reporting.md,MQP.md,to
docs/process/standardizer_html_reporting.md,ROADMAP.md,to
docs/process/standardizer_html_reporting.md,docs/process/cross_reference_best_practices.md,to
scripts/maintenance/utils/cleanup_system_files.py,MQP.md,to
scripts/maintenance/utils/cleanup_system_files.py,ROADMAP.md,to
scripts/maintenance/utils/cleanup_system_files.py,docs/process/hierarchical_cross_reference_strategy.md,to
scripts/maintenance/utils/cleanup_system_files.py,docs/process/system_maintenance.md,to
scripts/maintenance/utils/cleanup_system_files.py,docs/process/backup_management.md,to
scripts/maintenance/utils/cleanup_system_files.py,scripts/maintenance/utils/add_reference_headers.py,to
scripts/maintenance/utils/cleanup_system_files.py,scripts/maintenance/utils/update_logger_defaults.py,to
scripts/maintenance/utils/cleanup_system_files.py,scripts/analysis/visualize_cross_references.py,to
scripts/maintenance/utils/cleanup_system_files.py,scripts/scheduled/weekly_cross_reference_validation.ps1,to
scripts/maintenance/scheduled/weekly_cross_reference_validation.ps1,MQP.md,to
scripts/maintenance/scheduled/weekly_cross_reference_validation.ps1,ROADMAP.md,to
scripts/maintenance/scheduled/weekly_cross_reference_validation.ps1,docs/process/hierarchical_cross_reference_strategy.md,to
scripts/maintenance/scheduled/weekly_cross_reference_validation.ps1,docs/process/system_maintenance.md,to
scripts/maintenance/scheduled/weekly_cross_reference_validation.ps1,scripts/ci/validate_cross_references.py,to
scripts/maintenance/scheduled/weekly_cross_reference_validation.ps1,scripts/analysis/visualize_cross_references.py,to
docs/process/test_coverage_koios.md,MQP.md,to
docs/process/test_coverage_koios.md,ROADMAP.md,to
docs/process/test_coverage_koios.md,docs/process/cross_reference_best_practices.md,to
docs/process/trace_id_implementation.md,MQP.md,to
docs/process/trace_id_implementation.md,ROADMAP.md,to
docs/process/trace_id_implementation.md,docs/process/cross_reference_best_practices.md,to
docs/process/type_checking_koios.md,MQP.md,to
docs/process/type_checking_koios.md,ROADMAP.md,to
docs/process/type_checking_koios.md,docs/process/cross_reference_best_practices.md,to
docs/process/validation_koios.md,MQP.md,to
docs/process/validation_koios.md,ROADMAP.md,to
docs/process/validation_koios.md,docs/process/cross_reference_best_practices.md,to
docs/reference/cross_reference_registry.md,core_materials/MQP.md,to
docs/reference/cross_reference_registry.md,ROADMAP.md,to
docs/reference/cross_reference_registry.md,docs/process/cross_reference_management.md,to
docs/reference/cross_reference_registry.md,docs/process/cross_reference_best_practices.md,to
docs/reference/cross_reference_registry.md,docs/process/documentation_standards.md,to
docs/reference/cross_reference_registry.md,docs/implementation/cross_reference_implementation_guide.md,to
docs/reference/cross_reference_registry.md,docs/tasks/TASK-2025-04-22-cross-reference-system-enhancement.md,to
docs/reference/cross_reference_registry.md,docs/process/process_1.md,to
docs/reference/cross_reference_registry.md,docs/process/process_2.md,to
docs/reference/cross_reference_registry.md,subsystems/SUBSYSTEM/docs/implementation_doc.md,to
docs/reference/cross_reference_registry.md,docs/process/relevant_process.md,to
docs/reference/cross_reference_registry.md,subsystems/RELATED_SUBSYSTEM/README.md,to
docs/reference/cross_reference_registry.md,MQP.md,to
docs/reference/cross_reference_registry.md,docs/README.md,to
docs/reference/cross_reference_registry.md,docs/reference/related_implementation.py,to
docs/tasks/TASK-2025-04-22-cross-reference-system-enhancement.md,core_materials/MQP.md,to
docs/tasks/TASK-2025-04-22-cross-reference-system-enhancement.md,ROADMAP.md,to
docs/tasks/TASK-2025-04-22-cross-reference-system-enhancement.md,docs/process/cross_reference_management.md,to
docs/tasks/TASK-2025-04-22-cross-reference-system-enhancement.md,docs/process/cross_reference_best_practices.md,to
docs/tasks/TASK-2025-04-22-cross-reference-system-enhancement.md,docs/process/documentation_standards.md,to
docs/tasks/TASK-2025-04-22-cross-reference-system-enhancement.md,docs/implementation/cross_reference_implementation_guide.md,to
docs/tasks/TASK-2025-04-22-cross-reference-system-enhancement.md,docs/integration/ci_cd_cross_reference_integration.md,to
docs/tasks/TASK-2025-04-22-cross-reference-system-enhancement.md,scripts/analysis/simple_cross_ref_visualizer.py,to
docs/tasks/TASK-2025-04-22-cross-reference-system-enhancement.md,scripts/maintenance/simple_reference_fixer.py,to
docs/tasks/TASK-2025-04-22-cross-reference-system-enhancement.md,scripts/maintenance/cross_reference_executor.py,to
docs/tasks/TASK-2025-04-22-cross-reference-system-enhancement.md,scripts/maintenance/orphan_node_autodiscovery.py,to
docs/reference/docstring_quick_reference.md,MQP.md,to
docs/reference/docstring_quick_reference.md,ROADMAP.md,to
docs/reference/docstring_quick_reference.md,docs/process/cross_reference_best_practices.md,to
docs/reference/rich_progress_bar_quickref.md,MQP.md,to
docs/reference/rich_progress_bar_quickref.md,ROADMAP.md,to
docs/reference/rich_progress_bar_quickref.md,docs/process/cross_reference_best_practices.md,to
docs/setup/COMPLETE_SETUP.md,MQP.md,to
docs/setup/COMPLETE_SETUP.md,ROADMAP.md,to
docs/setup/COMPLETE_SETUP.md,docs/process/cross_reference_best_practices.md,to
docs/setup/DEVELOPER_ENVIRONMENT.md,MQP.md,to
docs/setup/DEVELOPER_ENVIRONMENT.md,ROADMAP.md,to
docs/setup/DEVELOPER_ENVIRONMENT.md,docs/process/cross_reference_best_practices.md,to
docs/specifications/ethik_chain_implementation.md,MQP.md,to
docs/specifications/ethik_chain_implementation.md,ROADMAP.md,to
docs/specifications/ethik_chain_implementation.md,docs/process/cross_reference_best_practices.md,to
docs/specifications/mycelium_network_implementation.md,MQP.md,to
docs/specifications/mycelium_network_implementation.md,ROADMAP.md,to
docs/specifications/mycelium_network_implementation.md,docs/process/cross_reference_best_practices.md,to
docs/standards/aesthetics.md,MQP.md,to
docs/standards/aesthetics.md,ROADMAP.md,to
docs/standards/aesthetics.md,docs/process/cross_reference_best_practices.md,to
docs/strategy/integration_summary_apr2025.md,MQP.md,to
docs/strategy/integration_summary_apr2025.md,ROADMAP.md,to
docs/strategy/integration_summary_apr2025.md,docs/process/cross_reference_best_practices.md,to
scripts/maintenance/simple_reference_fixer.py,MQP.md,to
scripts/maintenance/simple_reference_fixer.py,ROADMAP.md,to
scripts/maintenance/simple_reference_fixer.py,docs/process/cross_reference_best_practices.md,to
scripts/maintenance/simple_reference_fixer.py,docs/process/cross_reference_automation.md,to
scripts/maintenance/simple_reference_fixer.py,docs/process/system_maintenance.md,to
scripts/maintenance/simple_reference_fixer.py,scripts/maintenance/utils/add_cross_references_helper.py,to
scripts/maintenance/simple_reference_fixer.py,scripts/ci/validate_cross_references.py,to
scripts/maintenance/orphan_node_autodiscovery.py,MQP.md,to
scripts/maintenance/orphan_node_autodiscovery.py,ROADMAP.md,to
scripts/maintenance/orphan_node_autodiscovery.py,docs/process/cross_reference_management.md,to
scripts/maintenance/orphan_node_autodiscovery.py,docs/process/cross_reference_best_practices.md,to
scripts/maintenance/orphan_node_autodiscovery.py,docs/process/system_maintenance.md,to
scripts/maintenance/orphan_node_autodiscovery.py,scripts/analysis/simple_cross_ref_visualizer.py,to
scripts/maintenance/orphan_node_autodiscovery.py,scripts/maintenance/simple_reference_fixer.py,to
scripts/maintenance/orphan_node_autodiscovery.py,scripts/maintenance/cross_reference_executor.py,to
scripts/maintenance/orphan_node_autodiscovery.py,docs/implementation/cross_reference_implementation_guide.md,to
docs/training/aesthetic_standards_implementation_guide.md,MQP.md,to
docs/training/aesthetic_standards_implementation_guide.md,ROADMAP.md,to
docs/training/aesthetic_standards_implementation_guide.md,docs/process/cross_reference_best_practices.md,to
docs/training/progress_bar_integration_demo.md,MQP.md,to
docs/training/progress_bar_integration_demo.md,ROADMAP.md,to
docs/training/progress_bar_integration_demo.md,docs/process/cross_reference_best_practices.md,to
docs/troubleshooting/dotnet_build_debugging.md,MQP.md,to
docs/troubleshooting/dotnet_build_debugging.md,ROADMAP.md,to
docs/troubleshooting/dotnet_build_debugging.md,docs/process/cross_reference_best_practices.md,to
docs/updates/2025-04-21_system_enhancement_update.md,MQP.md,to
docs/updates/2025-04-21_system_enhancement_update.md,ROADMAP.md,to
docs/updates/2025-04-21_system_enhancement_update.md,docs/process/cross_reference_best_practices.md,to
docs/utils/status_indicators.md,MQP.md,to
docs/utils/status_indicators.md,ROADMAP.md,to
docs/utils/status_indicators.md,docs/process/cross_reference_best_practices.md,to
docs/website/CURRENT_TASKS.md,MQP.md,to
docs/website/CURRENT_TASKS.md,ROADMAP.md,to
docs/website/CURRENT_TASKS.md,docs/process/cross_reference_best_practices.md,to
docs/website/DESIGN_GUIDE.md,MQP.md,to
docs/website/DESIGN_GUIDE.md,ROADMAP.md,to
docs/website/DESIGN_GUIDE.md,docs/process/cross_reference_best_practices.md,to
docs/website/DEVELOPMENT_PLAN.md,MQP.md,to
docs/website/DEVELOPMENT_PLAN.md,ROADMAP.md,to
docs/website/DEVELOPMENT_PLAN.md,docs/process/cross_reference_best_practices.md,to
docs/website/USER_RESEARCH_PLAN.md,MQP.md,to
docs/website/USER_RESEARCH_PLAN.md,ROADMAP.md,to
docs/website/USER_RESEARCH_PLAN.md,docs/process/cross_reference_best_practices.md,to
docs/website/WEBSITE_DESIGN.md,MQP.md,to
docs/website/WEBSITE_DESIGN.md,ROADMAP.md,to
docs/website/WEBSITE_DESIGN.md,docs/process/cross_reference_best_practices.md,to
docs/workshops/code_health_workshop.md,MQP.md,to
docs/workshops/code_health_workshop.md,ROADMAP.md,to
docs/workshops/code_health_workshop.md,docs/process/cross_reference_best_practices.md,to
docs/tasks/skeletons/KOIOS-DOC-007_task_skeleton.md,docs/MQP.md,to
docs/tasks/skeletons/KOIOS-DOC-007_task_skeleton.md,docs/ROADMAP.md,to
docs/tasks/skeletons/KOIOS-DOC-007_task_skeleton.md,docs/docs/process/cross_reference_best_practices.md,to
docs/subsystems/ATLAS/QUICK_REFERENCE.md,docs/MQP.md,to
docs/subsystems/ATLAS/QUICK_REFERENCE.md,docs/ROADMAP.md,to
docs/subsystems/ATLAS/QUICK_REFERENCE.md,docs/docs/process/cross_reference_best_practices.md,to
docs/subsystems/CORUJA/QUICK_REFERENCE.md,docs/MQP.md,to
docs/subsystems/CORUJA/QUICK_REFERENCE.md,docs/ROADMAP.md,to
docs/subsystems/CORUJA/QUICK_REFERENCE.md,docs/docs/process/cross_reference_best_practices.md,to
docs/subsystems/CRONOS/QUICK_REFERENCE.md,docs/MQP.md,to
docs/subsystems/CRONOS/QUICK_REFERENCE.md,docs/ROADMAP.md,to
docs/subsystems/CRONOS/QUICK_REFERENCE.md,docs/docs/process/cross_reference_best_practices.md,to
docs/subsystems/ETHIK/QUICK_REFERENCE.md,docs/MQP.md,to
docs/subsystems/ETHIK/QUICK_REFERENCE.md,docs/ROADMAP.md,to
docs/subsystems/ETHIK/QUICK_REFERENCE.md,docs/docs/process/cross_reference_best_practices.md,to
docs/subsystems/KOIOS/QUICK_REFERENCE.md,docs/MQP.md,to
docs/subsystems/KOIOS/QUICK_REFERENCE.md,docs/ROADMAP.md,to
docs/subsystems/KOIOS/QUICK_REFERENCE.md,docs/docs/process/cross_reference_best_practices.md,to
docs/subsystems/NEXUS/QUICK_REFERENCE.md,docs/MQP.md,to
docs/subsystems/NEXUS/QUICK_REFERENCE.md,docs/ROADMAP.md,to
docs/subsystems/NEXUS/QUICK_REFERENCE.md,docs/docs/process/cross_reference_best_practices.md,to
docs/legacy/processed/MCP OK avanços e futuro.md,docs/MQP.md,to
docs/legacy/processed/MCP OK avanços e futuro.md,docs/ROADMAP.md,to
docs/legacy/processed/MCP OK avanços e futuro.md,docs/docs/process/cross_reference_best_practices.md,to
docs/legacy/processed/MVP OK 7.0.md,docs/MQP.md,to
docs/legacy/processed/MVP OK 7.0.md,docs/ROADMAP.md,to
docs/legacy/processed/MVP OK 7.0.md,docs/docs/process/cross_reference_best_practices.md,to
docs/legacy/processed/PLANO DE NEGOCIO EVA (14).md,docs/MQP.md,to
docs/legacy/processed/PLANO DE NEGOCIO EVA (14).md,docs/ROADMAP.md,to
docs/legacy/processed/PLANO DE NEGOCIO EVA (14).md,docs/docs/process/cross_reference_best_practices.md,to
docs/legacy/processed/Prompt quantico 7 ingles.md,docs/MQP.md,to
docs/legacy/processed/Prompt quantico 7 ingles.md,docs/ROADMAP.md,to
docs/legacy/processed/Prompt quantico 7 ingles.md,docs/docs/process/cross_reference_best_practices.md,to
docs/legacy/processed/Quantum Prompt Rules e inicializaçao.md,docs/MQP.md,to
docs/legacy/processed/Quantum Prompt Rules e inicializaçao.md,docs/ROADMAP.md,to
docs/legacy/processed/Quantum Prompt Rules e inicializaçao.md,docs/docs/process/cross_reference_best_practices.md,to
docs/legacy/processed/sistema validaçao etica RPG.md,docs/MQP.md,to
docs/legacy/processed/sistema validaçao etica RPG.md,docs/ROADMAP.md,to
docs/legacy/processed/sistema validaçao etica RPG.md,docs/docs/process/cross_reference_best_practices.md,to
docs/legacy/processed/mixed/BIOS-Q Cursor sistema EVA.md,docs/legacy/MQP.md,to
docs/legacy/processed/mixed/BIOS-Q Cursor sistema EVA.md,docs/legacy/ROADMAP.md,to
docs/legacy/processed/mixed/BIOS-Q Cursor sistema EVA.md,docs/legacy/docs/process/cross_reference_best_practices.md,to
docs/legacy/processed/mixed/Instalaçao EVA.md,docs/legacy/MQP.md,to
docs/legacy/processed/mixed/Instalaçao EVA.md,docs/legacy/ROADMAP.md,to
docs/legacy/processed/mixed/Instalaçao EVA.md,docs/legacy/docs/process/cross_reference_best_practices.md,to
docs/legacy/processed/mixed/Mycelium atualizado.md,docs/legacy/MQP.md,to
docs/legacy/processed/mixed/Mycelium atualizado.md,docs/legacy/ROADMAP.md,to
docs/legacy/processed/mixed/Mycelium atualizado.md,docs/legacy/docs/process/cross_reference_best_practices.md,to
docs/legacy/processed/mixed/Prometheus Grafana.md,docs/legacy/MQP.md,to
docs/legacy/processed/mixed/Prometheus Grafana.md,docs/legacy/ROADMAP.md,to
docs/legacy/processed/mixed/Prometheus Grafana.md,docs/legacy/docs/process/cross_reference_best_practices.md,to
docs/legacy/processed/mixed/sandbox testando eva na web.md,docs/legacy/MQP.md,to
docs/legacy/processed/mixed/sandbox testando eva na web.md,docs/legacy/ROADMAP.md,to
docs/legacy/processed/mixed/sandbox testando eva na web.md,docs/legacy/docs/process/cross_reference_best_practices.md,to
docs/legacy/processed/mixed-en-pt/Avanço Windsurf.md,docs/legacy/MQP.md,to
docs/legacy/processed/mixed-en-pt/Avanço Windsurf.md,docs/legacy/ROADMAP.md,to
docs/legacy/processed/mixed-en-pt/Avanço Windsurf.md,docs/legacy/docs/process/cross_reference_best_practices.md,to
docs/legacy/processed/mixed-en-pt/Backup system.md,docs/legacy/MQP.md,to
docs/legacy/processed/mixed-en-pt/Backup system.md,docs/legacy/ROADMAP.md,to
docs/legacy/processed/mixed-en-pt/Backup system.md,docs/legacy/docs/process/cross_reference_best_practices.md,to
docs/legacy/processed/mixed-en-pt/Cursor X Web limitaçoes.md,docs/legacy/MQP.md,to
docs/legacy/processed/mixed-en-pt/Cursor X Web limitaçoes.md,docs/legacy/ROADMAP.md,to
docs/legacy/processed/mixed-en-pt/Cursor X Web limitaçoes.md,docs/legacy/docs/process/cross_reference_best_practices.md,to
docs/legacy/processed/mixed-en-pt/Dinamicidade no sistema.md,docs/legacy/MQP.md,to
docs/legacy/processed/mixed-en-pt/Dinamicidade no sistema.md,docs/legacy/ROADMAP.md,to
docs/legacy/processed/mixed-en-pt/Dinamicidade no sistema.md,docs/legacy/docs/process/cross_reference_best_practices.md,to
docs/legacy/processed/mixed-en-pt/ETHICHAIN visao OTIMA  atençao AQUI.md,docs/legacy/MQP.md,to
docs/legacy/processed/mixed-en-pt/ETHICHAIN visao OTIMA  atençao AQUI.md,docs/legacy/ROADMAP.md,to
docs/legacy/processed/mixed-en-pt/ETHICHAIN visao OTIMA  atençao AQUI.md,docs/legacy/docs/process/cross_reference_best_practices.md,to
docs/legacy/processed/mixed-en-pt/Filesystem SLOP.md,docs/legacy/MQP.md,to
docs/legacy/processed/mixed-en-pt/Filesystem SLOP.md,docs/legacy/ROADMAP.md,to
docs/legacy/processed/mixed-en-pt/Filesystem SLOP.md,docs/legacy/docs/process/cross_reference_best_practices.md,to
docs/legacy/processed/mixed-en-pt/Focus Definition EGOS Coruja.md,docs/legacy/MQP.md,to
docs/legacy/processed/mixed-en-pt/Focus Definition EGOS Coruja.md,docs/legacy/ROADMAP.md,to
docs/legacy/processed/mixed-en-pt/Focus Definition EGOS Coruja.md,docs/legacy/docs/process/cross_reference_best_practices.md,to
docs/legacy/processed/mixed-en-pt/Integration Codeguide Paella MQP.md,docs/legacy/MQP.md,to
docs/legacy/processed/mixed-en-pt/Integration Codeguide Paella MQP.md,docs/legacy/ROADMAP.md,to
docs/legacy/processed/mixed-en-pt/Integration Codeguide Paella MQP.md,docs/legacy/docs/process/cross_reference_best_practices.md,to
docs/legacy/processed/mixed-en-pt/Maior diagnostico ate entao.md,docs/legacy/MQP.md,to
docs/legacy/processed/mixed-en-pt/Maior diagnostico ate entao.md,docs/legacy/ROADMAP.md,to
docs/legacy/processed/mixed-en-pt/Maior diagnostico ate entao.md,docs/legacy/docs/process/cross_reference_best_practices.md,to
docs/legacy/processed/mixed-en-pt/Mycellium explained.md,docs/legacy/MQP.md,to
docs/legacy/processed/mixed-en-pt/Mycellium explained.md,docs/legacy/ROADMAP.md,to
docs/legacy/processed/mixed-en-pt/Mycellium explained.md,docs/legacy/docs/process/cross_reference_best_practices.md,to
docs/legacy/processed/mixed-en-pt/NAO PARE Futuro Projeto importante.md,docs/legacy/MQP.md,to
docs/legacy/processed/mixed-en-pt/NAO PARE Futuro Projeto importante.md,docs/legacy/ROADMAP.md,to
docs/legacy/processed/mixed-en-pt/NAO PARE Futuro Projeto importante.md,docs/legacy/docs/process/cross_reference_best_practices.md,to
docs/legacy/processed/mixed-en-pt/OpenSource Repos.md,docs/legacy/MQP.md,to
docs/legacy/processed/mixed-en-pt/OpenSource Repos.md,docs/legacy/ROADMAP.md,to
docs/legacy/processed/mixed-en-pt/OpenSource Repos.md,docs/legacy/docs/process/cross_reference_best_practices.md,to
docs/legacy/processed/mixed-en-pt/Overview projeto.md,docs/legacy/MQP.md,to
docs/legacy/processed/mixed-en-pt/Overview projeto.md,docs/legacy/ROADMAP.md,to
docs/legacy/processed/mixed-en-pt/Overview projeto.md,docs/legacy/docs/process/cross_reference_best_practices.md,to
docs/legacy/processed/mixed-en-pt/Panorama sistema TODO.md,docs/legacy/MQP.md,to
docs/legacy/processed/mixed-en-pt/Panorama sistema TODO.md,docs/legacy/ROADMAP.md,to
docs/legacy/processed/mixed-en-pt/Panorama sistema TODO.md,docs/legacy/docs/process/cross_reference_best_practices.md,to
docs/legacy/processed/mixed-en-pt/Plano reorganizaçao pastas.md,docs/legacy/MQP.md,to
docs/legacy/processed/mixed-en-pt/Plano reorganizaçao pastas.md,docs/legacy/ROADMAP.md,to
docs/legacy/processed/mixed-en-pt/Plano reorganizaçao pastas.md,docs/legacy/docs/process/cross_reference_best_practices.md,to
docs/legacy/processed/mixed-en-pt/Prompt quantico 7.5.md,docs/legacy/MQP.md,to
docs/legacy/processed/mixed-en-pt/Prompt quantico 7.5.md,docs/legacy/ROADMAP.md,to
docs/legacy/processed/mixed-en-pt/Prompt quantico 7.5.md,docs/legacy/docs/process/cross_reference_best_practices.md,to
docs/legacy/processed/mixed-en-pt/Quantum prompt 7.5 OK.md,docs/legacy/MQP.md,to
docs/legacy/processed/mixed-en-pt/Quantum prompt 7.5 OK.md,docs/legacy/ROADMAP.md,to
docs/legacy/processed/mixed-en-pt/Quantum prompt 7.5 OK.md,docs/legacy/docs/process/cross_reference_best_practices.md,to
docs/legacy/processed/mixed-en-pt/Quantum prompt 8.0 BIOS-Q.md,docs/legacy/MQP.md,to
docs/legacy/processed/mixed-en-pt/Quantum prompt 8.0 BIOS-Q.md,docs/legacy/ROADMAP.md,to
docs/legacy/processed/mixed-en-pt/Quantum prompt 8.0 BIOS-Q.md,docs/legacy/docs/process/cross_reference_best_practices.md,to
docs/legacy/processed/mixed-en-pt/Quantum unification.md,docs/legacy/MQP.md,to
docs/legacy/processed/mixed-en-pt/Quantum unification.md,docs/legacy/ROADMAP.md,to
docs/legacy/processed/mixed-en-pt/Quantum unification.md,docs/legacy/docs/process/cross_reference_best_practices.md,to
docs/legacy/processed/mixed-en-pt/Roadmap apos estudos.md,docs/legacy/MQP.md,to
docs/legacy/processed/mixed-en-pt/Roadmap apos estudos.md,docs/legacy/ROADMAP.md,to
docs/legacy/processed/mixed-en-pt/Roadmap apos estudos.md,docs/legacy/docs/process/cross_reference_best_practices.md,to
docs/legacy/processed/mixed-en-pt/ROADMAP INTERATIVO.md,docs/legacy/MQP.md,to
docs/legacy/processed/mixed-en-pt/ROADMAP INTERATIVO.md,docs/legacy/ROADMAP.md,to
docs/legacy/processed/mixed-en-pt/ROADMAP INTERATIVO.md,docs/legacy/docs/process/cross_reference_best_practices.md,to
docs/legacy/processed/mixed-en-pt/Roadmap Mycellium.md,docs/legacy/MQP.md,to
docs/legacy/processed/mixed-en-pt/Roadmap Mycellium.md,docs/legacy/ROADMAP.md,to
docs/legacy/processed/mixed-en-pt/Roadmap Mycellium.md,docs/legacy/docs/process/cross_reference_best_practices.md,to
docs/legacy/processed/mixed-en-pt/Site novo e outras melhorias.md,docs/legacy/MQP.md,to
docs/legacy/processed/mixed-en-pt/Site novo e outras melhorias.md,docs/legacy/ROADMAP.md,to
docs/legacy/processed/mixed-en-pt/Site novo e outras melhorias.md,docs/legacy/docs/process/cross_reference_best_practices.md,to
docs/legacy/processed/mixed-en-pt/Subsystems and tools 8.2.md,docs/legacy/MQP.md,to
docs/legacy/processed/mixed-en-pt/Subsystems and tools 8.2.md,docs/legacy/ROADMAP.md,to
docs/legacy/processed/mixed-en-pt/Subsystems and tools 8.2.md,docs/legacy/docs/process/cross_reference_best_practices.md,to
docs/legacy/processed/mixed-en-pt/Unification system PRD.md,docs/legacy/MQP.md,to
docs/legacy/processed/mixed-en-pt/Unification system PRD.md,docs/legacy/ROADMAP.md,to
docs/legacy/processed/mixed-en-pt/Unification system PRD.md,docs/legacy/docs/process/cross_reference_best_practices.md,to
"docs/legacy/processed/mixed-en-pt/Visao EVA até aqui, fit go to market.md",docs/legacy/MQP.md,to
"docs/legacy/processed/mixed-en-pt/Visao EVA até aqui, fit go to market.md",docs/legacy/ROADMAP.md,to
"docs/legacy/processed/mixed-en-pt/Visao EVA até aqui, fit go to market.md",docs/legacy/docs/process/cross_reference_best_practices.md,to
docs/legacy/processed/mixed-en-pt/Voando alto indo p outros sistemas.md,docs/legacy/MQP.md,to
docs/legacy/processed/mixed-en-pt/Voando alto indo p outros sistemas.md,docs/legacy/ROADMAP.md,to
docs/legacy/processed/mixed-en-pt/Voando alto indo p outros sistemas.md,docs/legacy/docs/process/cross_reference_best_practices.md,to
docs/legacy/processed/mixed-en-pt/Web application avançando.md,docs/legacy/MQP.md,to
docs/legacy/processed/mixed-en-pt/Web application avançando.md,docs/legacy/ROADMAP.md,to
docs/legacy/processed/mixed-en-pt/Web application avançando.md,docs/legacy/docs/process/cross_reference_best_practices.md,to
docs/legacy/processed/mixed-pt-en/atualizacao bot unificado.md,docs/legacy/MQP.md,to
docs/legacy/processed/mixed-pt-en/atualizacao bot unificado.md,docs/legacy/ROADMAP.md,to
docs/legacy/processed/mixed-pt-en/atualizacao bot unificado.md,docs/legacy/docs/process/cross_reference_best_practices.md,to
docs/legacy/processed/mixed-pt-en/atualização botava.md,docs/legacy/MQP.md,to
docs/legacy/processed/mixed-pt-en/atualização botava.md,docs/legacy/ROADMAP.md,to
docs/legacy/processed/mixed-pt-en/atualização botava.md,docs/legacy/docs/process/cross_reference_best_practices.md,to
docs/legacy/processed/mixed-pt-en/ava7.0 novv.md,docs/legacy/MQP.md,to
docs/legacy/processed/mixed-pt-en/ava7.0 novv.md,docs/legacy/ROADMAP.md,to
docs/legacy/processed/mixed-pt-en/ava7.0 novv.md,docs/legacy/docs/process/cross_reference_best_practices.md,to
docs/legacy/processed/mixed-pt-en/BACKUP quantico.md,docs/legacy/MQP.md,to
docs/legacy/processed/mixed-pt-en/BACKUP quantico.md,docs/legacy/ROADMAP.md,to
docs/legacy/processed/mixed-pt-en/BACKUP quantico.md,docs/legacy/docs/process/cross_reference_best_practices.md,to
docs/legacy/processed/mixed-pt-en/BIOS-Q MCP.md,docs/legacy/MQP.md,to
docs/legacy/processed/mixed-pt-en/BIOS-Q MCP.md,docs/legacy/ROADMAP.md,to
docs/legacy/processed/mixed-pt-en/BIOS-Q MCP.md,docs/legacy/docs/process/cross_reference_best_practices.md,to
docs/legacy/processed/mixed-pt-en/BOT ok melhorando.md,docs/legacy/MQP.md,to
docs/legacy/processed/mixed-pt-en/BOT ok melhorando.md,docs/legacy/ROADMAP.md,to
docs/legacy/processed/mixed-pt-en/BOT ok melhorando.md,docs/legacy/docs/process/cross_reference_best_practices.md,to
docs/legacy/processed/mixed-pt-en/EGOS 1.0.md,docs/legacy/MQP.md,to
docs/legacy/processed/mixed-pt-en/EGOS 1.0.md,docs/legacy/ROADMAP.md,to
docs/legacy/processed/mixed-pt-en/EGOS 1.0.md,docs/legacy/docs/process/cross_reference_best_practices.md,to
docs/legacy/processed/mixed-pt-en/EVA & GUARANI - Quantum Unified Master Prompt 2024 (Versão 8.0).md,docs/legacy/MQP.md,to
docs/legacy/processed/mixed-pt-en/EVA & GUARANI - Quantum Unified Master Prompt 2024 (Versão 8.0).md,docs/legacy/ROADMAP.md,to
docs/legacy/processed/mixed-pt-en/EVA & GUARANI - Quantum Unified Master Prompt 2024 (Versão 8.0).md,docs/legacy/docs/process/cross_reference_best_practices.md,to
docs/legacy/processed/mixed-pt-en/eva 5 inicializaçao.md,docs/legacy/MQP.md,to
docs/legacy/processed/mixed-pt-en/eva 5 inicializaçao.md,docs/legacy/ROADMAP.md,to
docs/legacy/processed/mixed-pt-en/eva 5 inicializaçao.md,docs/legacy/docs/process/cross_reference_best_practices.md,to
docs/legacy/processed/mixed-pt-en/EVA 7.3.md,docs/legacy/MQP.md,to
docs/legacy/processed/mixed-pt-en/EVA 7.3.md,docs/legacy/ROADMAP.md,to
docs/legacy/processed/mixed-pt-en/EVA 7.3.md,docs/legacy/docs/process/cross_reference_best_practices.md,to
docs/legacy/processed/mixed-pt-en/eva atendimento inicio.md,docs/legacy/MQP.md,to
docs/legacy/processed/mixed-pt-en/eva atendimento inicio.md,docs/legacy/ROADMAP.md,to
docs/legacy/processed/mixed-pt-en/eva atendimento inicio.md,docs/legacy/docs/process/cross_reference_best_practices.md,to
docs/legacy/processed/mixed-pt-en/grande atualizacao.md,docs/legacy/MQP.md,to
docs/legacy/processed/mixed-pt-en/grande atualizacao.md,docs/legacy/ROADMAP.md,to
docs/legacy/processed/mixed-pt-en/grande atualizacao.md,docs/legacy/docs/process/cross_reference_best_practices.md,to
docs/legacy/processed/mixed-pt-en/Integraçao Cursor e Eva.md,docs/legacy/MQP.md,to
docs/legacy/processed/mixed-pt-en/Integraçao Cursor e Eva.md,docs/legacy/ROADMAP.md,to
docs/legacy/processed/mixed-pt-en/Integraçao Cursor e Eva.md,docs/legacy/docs/process/cross_reference_best_practices.md,to
docs/legacy/processed/mixed-pt-en/Integraçao Eliza.md,docs/legacy/MQP.md,to
docs/legacy/processed/mixed-pt-en/Integraçao Eliza.md,docs/legacy/ROADMAP.md,to
docs/legacy/processed/mixed-pt-en/Integraçao Eliza.md,docs/legacy/docs/process/cross_reference_best_practices.md,to
docs/legacy/processed/mixed-pt-en/Integraçao sistema quantico com bot.md,docs/legacy/MQP.md,to
docs/legacy/processed/mixed-pt-en/Integraçao sistema quantico com bot.md,docs/legacy/ROADMAP.md,to
docs/legacy/processed/mixed-pt-en/Integraçao sistema quantico com bot.md,docs/legacy/docs/process/cross_reference_best_practices.md,to
docs/legacy/processed/mixed-pt-en/Link simbolico fonte de verdade sistema.md,docs/legacy/MQP.md,to
docs/legacy/processed/mixed-pt-en/Link simbolico fonte de verdade sistema.md,docs/legacy/ROADMAP.md,to
docs/legacy/processed/mixed-pt-en/Link simbolico fonte de verdade sistema.md,docs/legacy/docs/process/cross_reference_best_practices.md,to
docs/legacy/processed/mixed-pt-en/MATRIZ  quantica.md,docs/legacy/MQP.md,to
docs/legacy/processed/mixed-pt-en/MATRIZ  quantica.md,docs/legacy/ROADMAP.md,to
docs/legacy/processed/mixed-pt-en/MATRIZ  quantica.md,docs/legacy/docs/process/cross_reference_best_practices.md,to
docs/legacy/processed/mixed-pt-en/MCP grande avanço roadmap.md,docs/legacy/MQP.md,to
docs/legacy/processed/mixed-pt-en/MCP grande avanço roadmap.md,docs/legacy/ROADMAP.md,to
docs/legacy/processed/mixed-pt-en/MCP grande avanço roadmap.md,docs/legacy/docs/process/cross_reference_best_practices.md,to
docs/legacy/processed/mixed-pt-en/Melhorias BOT telegram.md,docs/legacy/MQP.md,to
docs/legacy/processed/mixed-pt-en/Melhorias BOT telegram.md,docs/legacy/ROADMAP.md,to
docs/legacy/processed/mixed-pt-en/Melhorias BOT telegram.md,docs/legacy/docs/process/cross_reference_best_practices.md,to
docs/legacy/processed/mixed-pt-en/muito longe.md,docs/legacy/MQP.md,to
docs/legacy/processed/mixed-pt-en/muito longe.md,docs/legacy/ROADMAP.md,to
docs/legacy/processed/mixed-pt-en/muito longe.md,docs/legacy/docs/process/cross_reference_best_practices.md,to
docs/legacy/processed/mixed-pt-en/Personas no bot.md,docs/legacy/MQP.md,to
docs/legacy/processed/mixed-pt-en/Personas no bot.md,docs/legacy/ROADMAP.md,to
docs/legacy/processed/mixed-pt-en/Personas no bot.md,docs/legacy/docs/process/cross_reference_best_practices.md,to
docs/legacy/processed/mixed-pt-en/PLANO DE NEGOCIO EVA (1).md,docs/legacy/MQP.md,to
docs/legacy/processed/mixed-pt-en/PLANO DE NEGOCIO EVA (1).md,docs/legacy/ROADMAP.md,to
docs/legacy/processed/mixed-pt-en/PLANO DE NEGOCIO EVA (1).md,docs/legacy/docs/process/cross_reference_best_practices.md,to
docs/legacy/processed/mixed-pt-en/Prompt Quantico 7.0 EGOS.md,docs/legacy/MQP.md,to
docs/legacy/processed/mixed-pt-en/Prompt Quantico 7.0 EGOS.md,docs/legacy/ROADMAP.md,to
docs/legacy/processed/mixed-pt-en/Prompt Quantico 7.0 EGOS.md,docs/legacy/docs/process/cross_reference_best_practices.md,to
docs/legacy/processed/mixed-pt-en/Promtps quanticos v7.md,docs/legacy/MQP.md,to
docs/legacy/processed/mixed-pt-en/Promtps quanticos v7.md,docs/legacy/ROADMAP.md,to
docs/legacy/processed/mixed-pt-en/Promtps quanticos v7.md,docs/legacy/docs/process/cross_reference_best_practices.md,to
docs/legacy/processed/mixed-pt-en/Relatório de Análise e Preparação para Implantação em Ambiente Externo.md,docs/legacy/MQP.md,to
docs/legacy/processed/mixed-pt-en/Relatório de Análise e Preparação para Implantação em Ambiente Externo.md,docs/legacy/ROADMAP.md,to
docs/legacy/processed/mixed-pt-en/Relatório de Análise e Preparação para Implantação em Ambiente Externo.md,docs/legacy/docs/process/cross_reference_best_practices.md,to
docs/legacy/processed/mixed-pt-en/Reorganizaçao do sistem EVA e Guarani.md,docs/legacy/MQP.md,to
docs/legacy/processed/mixed-pt-en/Reorganizaçao do sistem EVA e Guarani.md,docs/legacy/ROADMAP.md,to
docs/legacy/processed/mixed-pt-en/Reorganizaçao do sistem EVA e Guarani.md,docs/legacy/docs/process/cross_reference_best_practices.md,to
docs/legacy/processed/mixed-pt-en/RPG EVA.md,docs/legacy/MQP.md,to
docs/legacy/processed/mixed-pt-en/RPG EVA.md,docs/legacy/ROADMAP.md,to
docs/legacy/processed/mixed-pt-en/RPG EVA.md,docs/legacy/docs/process/cross_reference_best_practices.md,to
docs/legacy/processed/mixed-pt-en/SLOP integration proximos passos potencial.md,docs/legacy/MQP.md,to
docs/legacy/processed/mixed-pt-en/SLOP integration proximos passos potencial.md,docs/legacy/ROADMAP.md,to
docs/legacy/processed/mixed-pt-en/SLOP integration proximos passos potencial.md,docs/legacy/docs/process/cross_reference_best_practices.md,to
docs/legacy/processed/mixed-pt-en/tentando perplexity.md,docs/legacy/MQP.md,to
docs/legacy/processed/mixed-pt-en/tentando perplexity.md,docs/legacy/ROADMAP.md,to
docs/legacy/processed/mixed-pt-en/tentando perplexity.md,docs/legacy/docs/process/cross_reference_best_practices.md,to
"docs/legacy/processed/mixed-pt-en/Ultima grande atualizaçao, quase 8.0.md",docs/legacy/MQP.md,to
"docs/legacy/processed/mixed-pt-en/Ultima grande atualizaçao, quase 8.0.md",docs/legacy/ROADMAP.md,to
"docs/legacy/processed/mixed-pt-en/Ultima grande atualizaçao, quase 8.0.md",docs/legacy/docs/process/cross_reference_best_practices.md,to
docs/legacy/processed/mixed-pt-en/ULTIMA quase tudo revisado.md,docs/legacy/MQP.md,to
docs/legacy/processed/mixed-pt-en/ULTIMA quase tudo revisado.md,docs/legacy/ROADMAP.md,to
docs/legacy/processed/mixed-pt-en/ULTIMA quase tudo revisado.md,docs/legacy/docs/process/cross_reference_best_practices.md,to
docs/legacy/processed/mixed-pt-en/Unification ETHIK.md,docs/legacy/MQP.md,to
docs/legacy/processed/mixed-pt-en/Unification ETHIK.md,docs/legacy/ROADMAP.md,to
docs/legacy/processed/mixed-pt-en/Unification ETHIK.md,docs/legacy/docs/process/cross_reference_best_practices.md,to
docs/legacy/processed/mixed-pt-en/Updates system EVA.md,docs/legacy/MQP.md,to
docs/legacy/processed/mixed-pt-en/Updates system EVA.md,docs/legacy/ROADMAP.md,to
docs/legacy/processed/mixed-pt-en/Updates system EVA.md,docs/legacy/docs/process/cross_reference_best_practices.md,to
docs/legacy/processed/mixed-pt-en/viagem neural quantica.md,docs/legacy/MQP.md,to
docs/legacy/processed/mixed-pt-en/viagem neural quantica.md,docs/legacy/ROADMAP.md,to
docs/legacy/processed/mixed-pt-en/viagem neural quantica.md,docs/legacy/docs/process/cross_reference_best_practices.md,to
docs/legacy/processed/mixed-pt-en/websearch atualizacao.md,docs/legacy/MQP.md,to
docs/legacy/processed/mixed-pt-en/websearch atualizacao.md,docs/legacy/ROADMAP.md,to
docs/legacy/processed/mixed-pt-en/websearch atualizacao.md,docs/legacy/docs/process/cross_reference_best_practices.md,to
docs/legacy/processed/pt/Benchmark do Sistema EVA & GUARANI.md,docs/legacy/MQP.md,to
docs/legacy/processed/pt/Benchmark do Sistema EVA & GUARANI.md,docs/legacy/ROADMAP.md,to
docs/legacy/processed/pt/Benchmark do Sistema EVA & GUARANI.md,docs/legacy/docs/process/cross_reference_best_practices.md,to
docs/legacy/processed/pt/benchmark.md,docs/legacy/MQP.md,to
docs/legacy/processed/pt/benchmark.md,docs/legacy/ROADMAP.md,to
docs/legacy/processed/pt/benchmark.md,docs/legacy/docs/process/cross_reference_best_practices.md,to
docs/legacy/processed/pt/EGOS1.1 visao geral.md,docs/legacy/MQP.md,to
docs/legacy/processed/pt/EGOS1.1 visao geral.md,docs/legacy/ROADMAP.md,to
docs/legacy/processed/pt/EGOS1.1 visao geral.md,docs/legacy/docs/process/cross_reference_best_practices.md,to
docs/legacy/processed/pt/INstruicoes bot telegram.md,docs/legacy/MQP.md,to
docs/legacy/processed/pt/INstruicoes bot telegram.md,docs/legacy/ROADMAP.md,to
docs/legacy/processed/pt/INstruicoes bot telegram.md,docs/legacy/docs/process/cross_reference_best_practices.md,to
docs/legacy/processed/pt/NEXUS elovuindo MUITO.md,docs/legacy/MQP.md,to
docs/legacy/processed/pt/NEXUS elovuindo MUITO.md,docs/legacy/ROADMAP.md,to
docs/legacy/processed/pt/NEXUS elovuindo MUITO.md,docs/legacy/docs/process/cross_reference_best_practices.md,to
docs/legacy/processed/pt/OUTLINE cursor FODA.md,docs/legacy/MQP.md,to
docs/legacy/processed/pt/OUTLINE cursor FODA.md,docs/legacy/ROADMAP.md,to
docs/legacy/processed/pt/OUTLINE cursor FODA.md,docs/legacy/docs/process/cross_reference_best_practices.md,to
docs/legacy/processed/pt/PLANO DE NEGOCIO EVA (11).md,docs/legacy/MQP.md,to
docs/legacy/processed/pt/PLANO DE NEGOCIO EVA (11).md,docs/legacy/ROADMAP.md,to
docs/legacy/processed/pt/PLANO DE NEGOCIO EVA (11).md,docs/legacy/docs/process/cross_reference_best_practices.md,to
docs/legacy/processed/pt/PLANO DE NEGOCIO EVA (3).md,docs/legacy/MQP.md,to
docs/legacy/processed/pt/PLANO DE NEGOCIO EVA (3).md,docs/legacy/ROADMAP.md,to
docs/legacy/processed/pt/PLANO DE NEGOCIO EVA (3).md,docs/legacy/docs/process/cross_reference_best_practices.md,to
docs/legacy/processed/pt/PLANO DE NEGOCIO EVA SENNA.md,docs/legacy/MQP.md,to
docs/legacy/processed/pt/PLANO DE NEGOCIO EVA SENNA.md,docs/legacy/ROADMAP.md,to
docs/legacy/processed/pt/PLANO DE NEGOCIO EVA SENNA.md,docs/legacy/docs/process/cross_reference_best_practices.md,to
docs/legacy/processed/pt/Projecao tradutor EVA.md,docs/legacy/MQP.md,to
docs/legacy/processed/pt/Projecao tradutor EVA.md,docs/legacy/ROADMAP.md,to
docs/legacy/processed/pt/Projecao tradutor EVA.md,docs/legacy/docs/process/cross_reference_best_practices.md,to
docs/legacy/processed/pt/Prompts quanticos EGOS.md,docs/legacy/MQP.md,to
docs/legacy/processed/pt/Prompts quanticos EGOS.md,docs/legacy/ROADMAP.md,to
docs/legacy/processed/pt/Prompts quanticos EGOS.md,docs/legacy/docs/process/cross_reference_best_practices.md,to
docs/legacy/processed/pt/próximos passoATLAS.md,docs/legacy/MQP.md,to
docs/legacy/processed/pt/próximos passoATLAS.md,docs/legacy/ROADMAP.md,to
docs/legacy/processed/pt/próximos passoATLAS.md,docs/legacy/docs/process/cross_reference_best_practices.md,to
docs/legacy/processed/pt/Quantum Prompt 5.0.md,docs/legacy/MQP.md,to
docs/legacy/processed/pt/Quantum Prompt 5.0.md,docs/legacy/ROADMAP.md,to
docs/legacy/processed/pt/Quantum Prompt 5.0.md,docs/legacy/docs/process/cross_reference_best_practices.md,to
docs/legacy/processed/pt/ROADMAP DO TRADUTO EVA.md,docs/legacy/MQP.md,to
docs/legacy/processed/pt/ROADMAP DO TRADUTO EVA.md,docs/legacy/ROADMAP.md,to
docs/legacy/processed/pt/ROADMAP DO TRADUTO EVA.md,docs/legacy/docs/process/cross_reference_best_practices.md,to
docs/legacy/processed/pt/ROADMAP.md,docs/legacy/MQP.md,to
docs/legacy/processed/pt/ROADMAP.md,docs/legacy/ROADMAP.md,to
docs/legacy/processed/pt/ROADMAP.md,docs/legacy/docs/process/cross_reference_best_practices.md,to
docs/legacy/processed/pt/Visao geral inicialization.md,docs/legacy/MQP.md,to
docs/legacy/processed/pt/Visao geral inicialization.md,docs/legacy/ROADMAP.md,to
docs/legacy/processed/pt/Visao geral inicialization.md,docs/legacy/docs/process/cross_reference_best_practices.md,to
docs/core_materials/archive/ROADMAPS/README.md,docs/core_materials/MQP.md,to
docs/core_materials/archive/ROADMAPS/README.md,docs/core_materials/ROADMAP.md,to
docs/core_materials/archive/ROADMAPS/README.md,docs/core_materials/docs/process/cross_reference_best_practices.md,to
docs/core_materials/archive/ROADMAPS/active/20250330_slop_integration_roadmap.md,docs/core_materials/archive/MQP.md,to
docs/core_materials/archive/ROADMAPS/active/20250330_slop_integration_roadmap.md,docs/core_materials/archive/ROADMAP.md,to
docs/core_materials/archive/ROADMAPS/active/20250330_slop_integration_roadmap.md,docs/core_materials/archive/docs/process/cross_reference_best_practices.md,to
docs/core_materials/archive/ROADMAPS/active/20250330_task_dynamic_roadmap_implementation.md,docs/core_materials/archive/MQP.md,to
docs/core_materials/archive/ROADMAPS/active/20250330_task_dynamic_roadmap_implementation.md,docs/core_materials/archive/ROADMAP.md,to
docs/core_materials/archive/ROADMAPS/active/20250330_task_dynamic_roadmap_implementation.md,docs/core_materials/archive/docs/process/cross_reference_best_practices.md,to
docs/core_materials/archive/ROADMAPS/active/20250401_bios_q_unification_tracking.md,docs/core_materials/archive/MQP.md,to
docs/core_materials/archive/ROADMAPS/active/20250401_bios_q_unification_tracking.md,docs/core_materials/archive/ROADMAP.md,to
docs/core_materials/archive/ROADMAPS/active/20250401_bios_q_unification_tracking.md,docs/core_materials/archive/docs/process/cross_reference_best_practices.md,to
docs/core_materials/archive/ROADMAPS/active/20250401_system_unification_roadmap.md,docs/core_materials/archive/MQP.md,to
docs/core_materials/archive/ROADMAPS/active/20250401_system_unification_roadmap.md,docs/core_materials/archive/ROADMAP.md,to
docs/core_materials/archive/ROADMAPS/active/20250401_system_unification_roadmap.md,docs/core_materials/archive/docs/process/cross_reference_best_practices.md,to
docs/core_materials/archive/ROADMAPS/active/migration_plan_2025.md,docs/core_materials/archive/MQP.md,to
docs/core_materials/archive/ROADMAPS/active/migration_plan_2025.md,docs/core_materials/archive/ROADMAP.md,to
docs/core_materials/archive/ROADMAPS/active/migration_plan_2025.md,docs/core_materials/archive/docs/process/cross_reference_best_practices.md,to
docs/core_materials/archive/ROADMAPS/templates/task_roadmap_template.md,docs/core_materials/archive/MQP.md,to
docs/core_materials/archive/ROADMAPS/templates/task_roadmap_template.md,docs/core_materials/archive/ROADMAP.md,to
docs/core_materials/archive/ROADMAPS/templates/task_roadmap_template.md,docs/core_materials/archive/docs/process/cross_reference_best_practices.md,to
docs/legacy/removal_script.ps1,MQP.md,to
docs/legacy/removal_script.ps1,ROADMAP.md,to
docs/legacy/removal_script.ps1,docs/process/cross_reference_best_practices.md,to
scripts/README.md,MQP.md,to
scripts/README.md,ROADMAP.md,to
scripts/README.md,docs/reference/koios_directory_structure.md,to
scripts/README.md,docs/process/cross_reference_management.md,to
scripts/README.md,docs/process/documentation_standards.md,to
scripts/ci/validate_aesthetics_ci.py,MQP.md,to
scripts/ci/validate_aesthetics_ci.py,ROADMAP.md,to
scripts/ci/validate_aesthetics_ci.py,docs/process/continuous_improvement_koios.md,to
scripts/legacy_migration/create_legacy_inventory.py,MQP.md,to
scripts/legacy_migration/create_legacy_inventory.py,ROADMAP.md,to
scripts/legacy_migration/create_legacy_inventory.py,docs/process/cross_reference_best_practices.md,to
scripts/legacy_migration/legacy_data_migrator.py,MQP.md,to
scripts/legacy_migration/legacy_data_migrator.py,ROADMAP.md,to
scripts/legacy_migration/legacy_data_migrator.py,docs/process/cross_reference_best_practices.md,to
scripts/legacy_migration/standardize_legacy_txt.py,MQP.md,to
scripts/legacy_migration/standardize_legacy_txt.py,ROADMAP.md,to
scripts/legacy_migration/standardize_legacy_txt.py,docs/process/cross_reference_best_practices.md,to
scripts/maintenance/backup_cleanup.py,MQP.md,to
scripts/maintenance/backup_cleanup.py,ROADMAP.md,to
scripts/maintenance/backup_cleanup.py,docs/process/system_maintenance.md,to
scripts/maintenance/create_backup.py,MQP.md,to
scripts/maintenance/create_backup.py,ROADMAP.md,to
scripts/maintenance/create_backup.py,docs/process/system_maintenance.md,to
scripts/maintenance/execute_cleanup_phase1.py,MQP.md,to
scripts/maintenance/execute_cleanup_phase1.py,ROADMAP.md,to
scripts/maintenance/execute_cleanup_phase1.py,docs/process/system_maintenance.md,to
scripts/maintenance/execute_cleanup_phase2.py,MQP.md,to
scripts/maintenance/execute_cleanup_phase2.py,ROADMAP.md,to
scripts/maintenance/execute_cleanup_phase2.py,docs/process/system_maintenance.md,to
scripts/maintenance/fix_linting.py,MQP.md,to
scripts/maintenance/fix_linting.py,ROADMAP.md,to
scripts/maintenance/fix_linting.py,docs/process/system_maintenance.md,to
scripts/maintenance/monitor_disk_usage.py,MQP.md,to
scripts/maintenance/monitor_disk_usage.py,ROADMAP.md,to
scripts/maintenance/monitor_disk_usage.py,docs/process/system_maintenance.md,to
scripts/maintenance/propagate_import_fix.py,MQP.md,to
scripts/maintenance/propagate_import_fix.py,ROADMAP.md,to
scripts/maintenance/propagate_import_fix.py,docs/process/system_maintenance.md,to
scripts/maintenance/scheduled_cleanup.py,MQP.md,to
scripts/maintenance/scheduled_cleanup.py,ROADMAP.md,to
scripts/maintenance/scheduled_cleanup.py,docs/process/system_maintenance.md,to
scripts/maintenance/standardize_all.py,MQP.md,to
scripts/maintenance/standardize_all.py,ROADMAP.md,to
scripts/maintenance/standardize_all.py,docs/process/system_maintenance.md,to
scripts/maintenance/standardize_roadmaps.py,MQP.md,to
scripts/maintenance/standardize_roadmaps.py,ROADMAP.md,to
scripts/maintenance/standardize_roadmaps.py,docs/process/system_maintenance.md,to
scripts/maintenance/status_utils.py,MQP.md,to
scripts/maintenance/status_utils.py,ROADMAP.md,to
scripts/maintenance/status_utils.py,docs/process/system_maintenance.md,to
scripts/maintenance/temp_string_analyzer.py,MQP.md,to
scripts/maintenance/temp_string_analyzer.py,ROADMAP.md,to
scripts/maintenance/temp_string_analyzer.py,docs/process/system_maintenance.md,to
scripts/maintenance/test_imports.py,MQP.md,to
scripts/maintenance/test_imports.py,ROADMAP.md,to
scripts/maintenance/test_imports.py,docs/process/system_maintenance.md,to
scripts/maintenance/validate_all_subsystems.py,MQP.md,to
scripts/maintenance/validate_all_subsystems.py,ROADMAP.md,to
scripts/maintenance/validate_all_subsystems.py,docs/process/system_maintenance.md,to
scripts/maintenance/__init__.py,MQP.md,to
scripts/maintenance/__init__.py,ROADMAP.md,to
scripts/maintenance/__init__.py,docs/process/system_maintenance.md,to
scripts/validation/validate_roadmap_tasks.py,MQP.md,to
scripts/validation/validate_roadmap_tasks.py,ROADMAP.md,to
scripts/validation/validate_roadmap_tasks.py,docs/process/cross_reference_best_practices.md,to
scripts/maintenance/code_health/analyze_autofixer_results.py,scripts/MQP.md,to
scripts/maintenance/code_health/analyze_autofixer_results.py,scripts/ROADMAP.md,to
scripts/maintenance/code_health/analyze_autofixer_results.py,scripts/docs/process/system_maintenance.md,to
scripts/maintenance/code_health/check_specific_file.py,scripts/MQP.md,to
scripts/maintenance/code_health/check_specific_file.py,scripts/ROADMAP.md,to
scripts/maintenance/code_health/check_specific_file.py,scripts/docs/process/system_maintenance.md,to
scripts/maintenance/code_health/docstring_autofixer.py,scripts/MQP.md,to
scripts/maintenance/code_health/docstring_autofixer.py,scripts/ROADMAP.md,to
scripts/maintenance/code_health/docstring_autofixer.py,scripts/docs/process/system_maintenance.md,to
scripts/maintenance/code_health/docstring_checker.py,scripts/MQP.md,to
scripts/maintenance/code_health/docstring_checker.py,scripts/ROADMAP.md,to
scripts/maintenance/code_health/docstring_checker.py,scripts/docs/process/system_maintenance.md,to
scripts/maintenance/code_health/docstring_content_generator.py,scripts/MQP.md,to
scripts/maintenance/code_health/docstring_content_generator.py,scripts/ROADMAP.md,to
scripts/maintenance/code_health/docstring_content_generator.py,scripts/docs/process/system_maintenance.md,to
scripts/maintenance/code_health/docstring_metrics.py,scripts/MQP.md,to
scripts/maintenance/code_health/docstring_metrics.py,scripts/ROADMAP.md,to
scripts/maintenance/code_health/docstring_metrics.py,scripts/docs/process/system_maintenance.md,to
scripts/maintenance/code_health/docstring_workflow.py,scripts/MQP.md,to
scripts/maintenance/code_health/docstring_workflow.py,scripts/ROADMAP.md,to
scripts/maintenance/code_health/docstring_workflow.py,scripts/docs/process/system_maintenance.md,to
scripts/maintenance/code_health/find_file_errors.py,scripts/MQP.md,to
scripts/maintenance/code_health/find_file_errors.py,scripts/ROADMAP.md,to
scripts/maintenance/code_health/find_file_errors.py,scripts/docs/process/system_maintenance.md,to
scripts/maintenance/code_health/fix_autofixer_issues.py,scripts/MQP.md,to
scripts/maintenance/code_health/fix_autofixer_issues.py,scripts/ROADMAP.md,to
scripts/maintenance/code_health/fix_autofixer_issues.py,scripts/docs/process/system_maintenance.md,to
scripts/maintenance/code_health/import_fixer.py,scripts/MQP.md,to
scripts/maintenance/code_health/import_fixer.py,scripts/ROADMAP.md,to
scripts/maintenance/code_health/import_fixer.py,scripts/docs/process/system_maintenance.md,to
scripts/maintenance/code_health/syntax_checker.py,scripts/MQP.md,to
scripts/maintenance/code_health/syntax_checker.py,scripts/ROADMAP.md,to
scripts/maintenance/code_health/syntax_checker.py,scripts/docs/process/system_maintenance.md,to
scripts/maintenance/common/report_utils.py,scripts/MQP.md,to
scripts/maintenance/common/report_utils.py,scripts/ROADMAP.md,to
scripts/maintenance/common/report_utils.py,scripts/docs/process/system_maintenance.md,to
scripts/maintenance/common/__init__.py,scripts/MQP.md,to
scripts/maintenance/common/__init__.py,scripts/ROADMAP.md,to
scripts/maintenance/common/__init__.py,scripts/docs/process/system_maintenance.md,to
scripts/maintenance/deps/__init__.py,scripts/MQP.md,to
scripts/maintenance/deps/__init__.py,scripts/ROADMAP.md,to
scripts/maintenance/deps/__init__.py,scripts/docs/process/system_maintenance.md,to
scripts/maintenance/docs/generate_documentation_graph.py,scripts/MQP.md,to
scripts/maintenance/docs/generate_documentation_graph.py,scripts/ROADMAP.md,to
scripts/maintenance/docs/generate_documentation_graph.py,scripts/docs/process/system_maintenance.md,to
scripts/maintenance/docs/generate_subsystem_reference.py,scripts/MQP.md,to
scripts/maintenance/docs/generate_subsystem_reference.py,scripts/ROADMAP.md,to
scripts/maintenance/docs/generate_subsystem_reference.py,scripts/docs/process/system_maintenance.md,to
scripts/maintenance/docs/register_visualizations.py,scripts/MQP.md,to
scripts/maintenance/docs/register_visualizations.py,scripts/ROADMAP.md,to
scripts/maintenance/docs/register_visualizations.py,scripts/docs/process/system_maintenance.md,to
scripts/maintenance/docs/standardize_changelog.py,scripts/MQP.md,to
scripts/maintenance/docs/standardize_changelog.py,scripts/ROADMAP.md,to
scripts/maintenance/docs/standardize_changelog.py,scripts/docs/process/system_maintenance.md,to
scripts/maintenance/docs/standardize_contributing.py,scripts/MQP.md,to
scripts/maintenance/docs/standardize_contributing.py,scripts/ROADMAP.md,to
scripts/maintenance/docs/standardize_contributing.py,scripts/docs/process/system_maintenance.md,to
scripts/maintenance/docs/standardize_readme.py,scripts/MQP.md,to
scripts/maintenance/docs/standardize_readme.py,scripts/ROADMAP.md,to
scripts/maintenance/docs/standardize_readme.py,scripts/docs/process/system_maintenance.md,to
scripts/maintenance/docs/__init__.py,scripts/MQP.md,to
scripts/maintenance/docs/__init__.py,scripts/ROADMAP.md,to
scripts/maintenance/docs/__init__.py,scripts/docs/process/system_maintenance.md,to
scripts/maintenance/roadmap/analyzer.py,scripts/MQP.md,to
scripts/maintenance/roadmap/analyzer.py,scripts/ROADMAP.md,to
scripts/maintenance/roadmap/analyzer.py,scripts/docs/process/system_maintenance.md,to
scripts/maintenance/roadmap/backup_report.py,scripts/MQP.md,to
scripts/maintenance/roadmap/backup_report.py,scripts/ROADMAP.md,to
scripts/maintenance/roadmap/backup_report.py,scripts/docs/process/system_maintenance.md,to
scripts/maintenance/roadmap/formatter.py,scripts/MQP.md,to
scripts/maintenance/roadmap/formatter.py,scripts/ROADMAP.md,to
scripts/maintenance/roadmap/formatter.py,scripts/docs/process/system_maintenance.md,to
scripts/maintenance/roadmap/standardize.py,scripts/MQP.md,to
scripts/maintenance/roadmap/standardize.py,scripts/ROADMAP.md,to
scripts/maintenance/roadmap/standardize.py,scripts/docs/process/system_maintenance.md,to
scripts/maintenance/roadmap/__init__.py,scripts/MQP.md,to
scripts/maintenance/roadmap/__init__.py,scripts/ROADMAP.md,to
scripts/maintenance/roadmap/__init__.py,scripts/docs/process/system_maintenance.md,to
scripts/maintenance/utils/add_progress_bars.py,scripts/MQP.md,to
scripts/maintenance/utils/add_progress_bars.py,scripts/ROADMAP.md,to
scripts/maintenance/utils/add_progress_bars.py,scripts/docs/process/system_maintenance.md,to
scripts/maintenance/utils/ast_analyzer.py,scripts/MQP.md,to
scripts/maintenance/utils/ast_analyzer.py,scripts/ROADMAP.md,to
scripts/maintenance/utils/ast_analyzer.py,scripts/docs/process/system_maintenance.md,to
scripts/maintenance/utils/checkpoint_manager.py,scripts/MQP.md,to
scripts/maintenance/utils/checkpoint_manager.py,scripts/ROADMAP.md,to
scripts/maintenance/utils/checkpoint_manager.py,scripts/docs/process/system_maintenance.md,to
scripts/maintenance/utils/compare_validation_reports.py,scripts/MQP.md,to
scripts/maintenance/utils/compare_validation_reports.py,scripts/ROADMAP.md,to
scripts/maintenance/utils/compare_validation_reports.py,scripts/docs/process/system_maintenance.md,to
scripts/maintenance/utils/docstring_formatter.py,scripts/MQP.md,to
scripts/maintenance/utils/docstring_formatter.py,scripts/ROADMAP.md,to
scripts/maintenance/utils/docstring_formatter.py,scripts/docs/process/system_maintenance.md,to
scripts/maintenance/utils/egos_aesthetics.py,scripts/MQP.md,to
scripts/maintenance/utils/egos_aesthetics.py,scripts/ROADMAP.md,to
scripts/maintenance/utils/egos_aesthetics.py,scripts/docs/process/system_maintenance.md,to
scripts/maintenance/utils/fix_syntax_errors.py,scripts/MQP.md,to
scripts/maintenance/utils/fix_syntax_errors.py,scripts/ROADMAP.md,to
scripts/maintenance/utils/fix_syntax_errors.py,scripts/docs/process/system_maintenance.md,to
scripts/maintenance/utils/line_length_analyzer.py,scripts/MQP.md,to
scripts/maintenance/utils/line_length_analyzer.py,scripts/ROADMAP.md,to
scripts/maintenance/utils/line_length_analyzer.py,scripts/docs/process/system_maintenance.md,to
scripts/maintenance/utils/rich_style_validator.py,scripts/MQP.md,to
scripts/maintenance/utils/rich_style_validator.py,scripts/ROADMAP.md,to
scripts/maintenance/utils/rich_style_validator.py,scripts/docs/process/system_maintenance.md,to
scripts/maintenance/utils/run_cross_ref_baseline.py,scripts/MQP.md,to
scripts/maintenance/utils/run_cross_ref_baseline.py,scripts/ROADMAP.md,to
scripts/maintenance/utils/run_cross_ref_baseline.py,scripts/docs/process/system_maintenance.md,to
scripts/maintenance/utils/string_splitter.py,scripts/MQP.md,to
scripts/maintenance/utils/string_splitter.py,scripts/ROADMAP.md,to
scripts/maintenance/utils/string_splitter.py,scripts/docs/process/system_maintenance.md,to
scripts/maintenance/utils/validate_aesthetics.py,scripts/MQP.md,to
scripts/maintenance/utils/validate_aesthetics.py,scripts/ROADMAP.md,to
scripts/maintenance/utils/validate_aesthetics.py,scripts/docs/process/system_maintenance.md,to
scripts/maintenance/schedule_cleanup_task.ps1,MQP.md,to
scripts/maintenance/schedule_cleanup_task.ps1,ROADMAP.md,to
scripts/maintenance/schedule_cleanup_task.ps1,docs/process/system_maintenance.md,to
scripts/maintenance/setup_scheduled_tasks.ps1,MQP.md,to
scripts/maintenance/setup_scheduled_tasks.ps1,ROADMAP.md,to
scripts/maintenance/setup_scheduled_tasks.ps1,docs/process/system_maintenance.md,to
subsystems/chronicler/PROJECT_CHRONICLER_ROADMAP.md,MQP.md,to
subsystems/chronicler/PROJECT_CHRONICLER_ROADMAP.md,ROADMAP.md,to
subsystems/chronicler/PROJECT_CHRONICLER_ROADMAP.md,subsystems/chronicler/README.md,to
subsystems/chronicler/PROJECT_CHRONICLER_VISION.md,MQP.md,to
subsystems/chronicler/PROJECT_CHRONICLER_VISION.md,ROADMAP.md,to
subsystems/chronicler/PROJECT_CHRONICLER_VISION.md,subsystems/chronicler/README.md,to
subsystems/MASTER/ROADMAP.md,MQP.md,to
subsystems/MASTER/ROADMAP.md,ROADMAP.md,to
subsystems/MASTER/ROADMAP.md,subsystems/MASTER/README.md,to
subsystems/MASTER/ROADMAP.md,subsystems/MASTER/ROADMAP.md,to
subsystems/NEXUS/README.md,MQP.md,to
subsystems/NEXUS/README.md,ROADMAP.md,to
subsystems/NEXUS/README.md,subsystems/NEXUS/README.md,to
subsystems/NEXUS/README.md,subsystems/NEXUS/ROADMAP.md,to
subsystems/NEXUS/ROADMAP.md,MQP.md,to
subsystems/NEXUS/ROADMAP.md,ROADMAP.md,to
subsystems/NEXUS/ROADMAP.md,subsystems/NEXUS/README.md,to
subsystems/NEXUS/ROADMAP.md,subsystems/NEXUS/ROADMAP.md,to
subsystems/STRAT/README.md,MQP.md,to
subsystems/STRAT/README.md,ROADMAP.md,to
subsystems/STRAT/README.md,subsystems/STRAT/README.md,to
subsystems/STRAT/README.md,subsystems/STRAT/ROADMAP.md,to
subsystems/STRAT/ROADMAP.md,MQP.md,to
subsystems/STRAT/ROADMAP.md,ROADMAP.md,to
subsystems/STRAT/ROADMAP.md,subsystems/STRAT/README.md,to
subsystems/STRAT/ROADMAP.md,subsystems/STRAT/ROADMAP.md,to
subsystems/SYNC/README.md,MQP.md,to
subsystems/SYNC/README.md,ROADMAP.md,to
subsystems/SYNC/README.md,subsystems/SYNC/README.md,to
subsystems/SYNC/README.md,subsystems/SYNC/ROADMAP.md,to
subsystems/SYNC/ROADMAP.md,MQP.md,to
subsystems/SYNC/ROADMAP.md,ROADMAP.md,to
subsystems/SYNC/ROADMAP.md,subsystems/SYNC/README.md,to
subsystems/SYNC/ROADMAP.md,subsystems/SYNC/ROADMAP.md,to
subsystems/TRANSLATOR/ROADMAP.md,MQP.md,to
subsystems/TRANSLATOR/ROADMAP.md,ROADMAP.md,to
subsystems/TRANSLATOR/ROADMAP.md,subsystems/TRANSLATOR/README.md,to
subsystems/TRANSLATOR/ROADMAP.md,subsystems/TRANSLATOR/ROADMAP.md,to
subsystems/TRANSLATOR/core/language/translation_report.md,subsystems/TRANSLATOR/MQP.md,to
subsystems/TRANSLATOR/core/language/translation_report.md,subsystems/TRANSLATOR/ROADMAP.md,to
subsystems/TRANSLATOR/core/language/translation_report.md,subsystems/TRANSLATOR/subsystems/TRANSLATOR/README.md,to
subsystems/TRANSLATOR/core/language/translation_report.md,subsystems/TRANSLATOR/subsystems/TRANSLATOR/ROADMAP.md,to
subsystems/SYNC/docs/roadmap_sync.md,subsystems/MQP.md,to
subsystems/SYNC/docs/roadmap_sync.md,subsystems/ROADMAP.md,to
subsystems/SYNC/docs/roadmap_sync.md,subsystems/subsystems/SYNC/README.md,to
subsystems/SYNC/docs/roadmap_sync.md,subsystems/subsystems/SYNC/ROADMAP.md,to
subsystems/SYNC/docs/roadmap_template.md,subsystems/MQP.md,to
subsystems/SYNC/docs/roadmap_template.md,subsystems/ROADMAP.md,to
subsystems/SYNC/docs/roadmap_template.md,subsystems/subsystems/SYNC/README.md,to
subsystems/SYNC/docs/roadmap_template.md,subsystems/subsystems/SYNC/ROADMAP.md,to
subsystems/SYNC/docs/sync_definition.md,subsystems/MQP.md,to
subsystems/SYNC/docs/sync_definition.md,subsystems/ROADMAP.md,to
subsystems/SYNC/docs/sync_definition.md,subsystems/subsystems/SYNC/README.md,to
subsystems/SYNC/docs/sync_definition.md,subsystems/subsystems/SYNC/ROADMAP.md,to
subsystems/MASTER/docs/egos_unified_documentation.md,subsystems/MQP.md,to
subsystems/MASTER/docs/egos_unified_documentation.md,subsystems/ROADMAP.md,to
subsystems/MASTER/docs/egos_unified_documentation.md,subsystems/subsystems/MASTER/README.md,to
subsystems/MASTER/docs/egos_unified_documentation.md,subsystems/subsystems/MASTER/ROADMAP.md,to
subsystems/TRANSLATOR/core/module.py,subsystems/MQP.md,to
subsystems/TRANSLATOR/core/module.py,subsystems/ROADMAP.md,to
subsystems/TRANSLATOR/core/module.py,subsystems/subsystems/TRANSLATOR/README.md,to
subsystems/TRANSLATOR/core/module.py,subsystems/subsystems/TRANSLATOR/ROADMAP.md,to
subsystems/TRANSLATOR/core/__init__.py,subsystems/MQP.md,to
subsystems/TRANSLATOR/core/__init__.py,subsystems/ROADMAP.md,to
subsystems/TRANSLATOR/core/__init__.py,subsystems/subsystems/TRANSLATOR/README.md,to
subsystems/TRANSLATOR/core/__init__.py,subsystems/subsystems/TRANSLATOR/ROADMAP.md,to
subsystems/TRANSLATOR/src/translator_core.py,subsystems/MQP.md,to
subsystems/TRANSLATOR/src/translator_core.py,subsystems/ROADMAP.md,to
subsystems/TRANSLATOR/src/translator_core.py,subsystems/subsystems/TRANSLATOR/README.md,to
subsystems/TRANSLATOR/src/translator_core.py,subsystems/subsystems/TRANSLATOR/ROADMAP.md,to
subsystems/TRANSLATOR/src/__init__.py,subsystems/MQP.md,to
subsystems/TRANSLATOR/src/__init__.py,subsystems/ROADMAP.md,to
subsystems/TRANSLATOR/src/__init__.py,subsystems/subsystems/TRANSLATOR/README.md,to
subsystems/TRANSLATOR/src/__init__.py,subsystems/subsystems/TRANSLATOR/ROADMAP.md,to
subsystems/TRANSLATOR/tests/test_module.py,subsystems/MQP.md,to
subsystems/TRANSLATOR/tests/test_module.py,subsystems/ROADMAP.md,to
subsystems/TRANSLATOR/tests/test_module.py,subsystems/subsystems/TRANSLATOR/README.md,to
subsystems/TRANSLATOR/tests/test_module.py,subsystems/subsystems/TRANSLATOR/ROADMAP.md,to
subsystems/TRANSLATOR/tests/__init__.py,subsystems/MQP.md,to
subsystems/TRANSLATOR/tests/__init__.py,subsystems/ROADMAP.md,to
subsystems/TRANSLATOR/tests/__init__.py,subsystems/subsystems/TRANSLATOR/README.md,to
subsystems/TRANSLATOR/tests/__init__.py,subsystems/subsystems/TRANSLATOR/ROADMAP.md,to
subsystems/TRANSLATOR/tests/translator/test_placeholder.py,subsystems/TRANSLATOR/MQP.md,to
subsystems/TRANSLATOR/tests/translator/test_placeholder.py,subsystems/TRANSLATOR/ROADMAP.md,to
subsystems/TRANSLATOR/tests/translator/test_placeholder.py,subsystems/TRANSLATOR/subsystems/TRANSLATOR/README.md,to
subsystems/TRANSLATOR/tests/translator/test_placeholder.py,subsystems/TRANSLATOR/subsystems/TRANSLATOR/ROADMAP.md,to
subsystems/TRANSLATOR/core/language/ai_translate_file.py,subsystems/TRANSLATOR/MQP.md,to
subsystems/TRANSLATOR/core/language/ai_translate_file.py,subsystems/TRANSLATOR/ROADMAP.md,to
subsystems/TRANSLATOR/core/language/ai_translate_file.py,subsystems/TRANSLATOR/subsystems/TRANSLATOR/README.md,to
subsystems/TRANSLATOR/core/language/ai_translate_file.py,subsystems/TRANSLATOR/subsystems/TRANSLATOR/ROADMAP.md,to
subsystems/SYNC/core/module.py,subsystems/MQP.md,to
subsystems/SYNC/core/module.py,subsystems/ROADMAP.md,to
subsystems/SYNC/core/module.py,subsystems/subsystems/SYNC/README.md,to
subsystems/SYNC/core/module.py,subsystems/subsystems/SYNC/ROADMAP.md,to
subsystems/SYNC/core/__init__.py,subsystems/MQP.md,to
subsystems/SYNC/core/__init__.py,subsystems/ROADMAP.md,to
subsystems/SYNC/core/__init__.py,subsystems/subsystems/SYNC/README.md,to
subsystems/SYNC/core/__init__.py,subsystems/subsystems/SYNC/ROADMAP.md,to
subsystems/SYNC/src/sync_core.py,subsystems/MQP.md,to
subsystems/SYNC/src/sync_core.py,subsystems/ROADMAP.md,to
subsystems/SYNC/src/sync_core.py,subsystems/subsystems/SYNC/README.md,to
subsystems/SYNC/src/sync_core.py,subsystems/subsystems/SYNC/ROADMAP.md,to
subsystems/SYNC/src/__init__.py,subsystems/MQP.md,to
subsystems/SYNC/src/__init__.py,subsystems/ROADMAP.md,to
subsystems/SYNC/src/__init__.py,subsystems/subsystems/SYNC/README.md,to
subsystems/SYNC/src/__init__.py,subsystems/subsystems/SYNC/ROADMAP.md,to
subsystems/SYNC/tests/test_module.py,subsystems/MQP.md,to
subsystems/SYNC/tests/test_module.py,subsystems/ROADMAP.md,to
subsystems/SYNC/tests/test_module.py,subsystems/subsystems/SYNC/README.md,to
subsystems/SYNC/tests/test_module.py,subsystems/subsystems/SYNC/ROADMAP.md,to
subsystems/SYNC/tests/__init__.py,subsystems/MQP.md,to
subsystems/SYNC/tests/__init__.py,subsystems/ROADMAP.md,to
subsystems/SYNC/tests/__init__.py,subsystems/subsystems/SYNC/README.md,to
subsystems/SYNC/tests/__init__.py,subsystems/subsystems/SYNC/ROADMAP.md,to
subsystems/SYNC/tests/sync/test_placeholder.py,subsystems/SYNC/MQP.md,to
subsystems/SYNC/tests/sync/test_placeholder.py,subsystems/SYNC/ROADMAP.md,to
subsystems/SYNC/tests/sync/test_placeholder.py,subsystems/SYNC/subsystems/SYNC/README.md,to
subsystems/SYNC/tests/sync/test_placeholder.py,subsystems/SYNC/subsystems/SYNC/ROADMAP.md,to
subsystems/STRAT/src/strat_core.py,subsystems/MQP.md,to
subsystems/STRAT/src/strat_core.py,subsystems/ROADMAP.md,to
subsystems/STRAT/src/strat_core.py,subsystems/subsystems/STRAT/README.md,to
subsystems/STRAT/src/strat_core.py,subsystems/subsystems/STRAT/ROADMAP.md,to
subsystems/STRAT/src/__init__.py,subsystems/MQP.md,to
subsystems/STRAT/src/__init__.py,subsystems/ROADMAP.md,to
subsystems/STRAT/src/__init__.py,subsystems/subsystems/STRAT/README.md,to
subsystems/STRAT/src/__init__.py,subsystems/subsystems/STRAT/ROADMAP.md,to
subsystems/STRAT/tests/__init__.py,subsystems/MQP.md,to
subsystems/STRAT/tests/__init__.py,subsystems/ROADMAP.md,to
subsystems/STRAT/tests/__init__.py,subsystems/subsystems/STRAT/README.md,to
subsystems/STRAT/tests/__init__.py,subsystems/subsystems/STRAT/ROADMAP.md,to
subsystems/STRAT/tests/strat/test_placeholder.py,subsystems/STRAT/MQP.md,to
subsystems/STRAT/tests/strat/test_placeholder.py,subsystems/STRAT/ROADMAP.md,to
subsystems/STRAT/tests/strat/test_placeholder.py,subsystems/STRAT/subsystems/STRAT/README.md,to
subsystems/STRAT/tests/strat/test_placeholder.py,subsystems/STRAT/subsystems/STRAT/ROADMAP.md,to
subsystems/STRAT/tests/strat/__init__.py,subsystems/STRAT/MQP.md,to
subsystems/STRAT/tests/strat/__init__.py,subsystems/STRAT/ROADMAP.md,to
subsystems/STRAT/tests/strat/__init__.py,subsystems/STRAT/subsystems/STRAT/README.md,to
subsystems/STRAT/tests/strat/__init__.py,subsystems/STRAT/subsystems/STRAT/ROADMAP.md,to
subsystems/NEXUS/core/ast_visitor.py,subsystems/MQP.md,to
subsystems/NEXUS/core/ast_visitor.py,subsystems/ROADMAP.md,to
subsystems/NEXUS/core/ast_visitor.py,subsystems/subsystems/NEXUS/README.md,to
subsystems/NEXUS/core/ast_visitor.py,subsystems/subsystems/NEXUS/ROADMAP.md,to
subsystems/NEXUS/core/nexus_core.py,subsystems/MQP.md,to
subsystems/NEXUS/core/nexus_core.py,subsystems/ROADMAP.md,to
subsystems/NEXUS/core/nexus_core.py,subsystems/subsystems/NEXUS/README.md,to
subsystems/NEXUS/core/nexus_core.py,subsystems/subsystems/NEXUS/ROADMAP.md,to
subsystems/NEXUS/services/service.py,subsystems/MQP.md,to
subsystems/NEXUS/services/service.py,subsystems/ROADMAP.md,to
subsystems/NEXUS/services/service.py,subsystems/subsystems/NEXUS/README.md,to
subsystems/NEXUS/services/service.py,subsystems/subsystems/NEXUS/ROADMAP.md,to
subsystems/NEXUS/src/nexus_core.py,subsystems/MQP.md,to
subsystems/NEXUS/src/nexus_core.py,subsystems/ROADMAP.md,to
subsystems/NEXUS/src/nexus_core.py,subsystems/subsystems/NEXUS/README.md,to
subsystems/NEXUS/src/nexus_core.py,subsystems/subsystems/NEXUS/ROADMAP.md,to
subsystems/NEXUS/src/__init__.py,subsystems/MQP.md,to
subsystems/NEXUS/src/__init__.py,subsystems/ROADMAP.md,to
subsystems/NEXUS/src/__init__.py,subsystems/subsystems/NEXUS/README.md,to
subsystems/NEXUS/src/__init__.py,subsystems/subsystems/NEXUS/ROADMAP.md,to
subsystems/NEXUS/tests/conftest.py,subsystems/MQP.md,to
subsystems/NEXUS/tests/conftest.py,subsystems/ROADMAP.md,to
subsystems/NEXUS/tests/conftest.py,subsystems/subsystems/NEXUS/README.md,to
subsystems/NEXUS/tests/conftest.py,subsystems/subsystems/NEXUS/ROADMAP.md,to
subsystems/NEXUS/tests/test_analyzer.py,subsystems/MQP.md,to
subsystems/NEXUS/tests/test_analyzer.py,subsystems/ROADMAP.md,to
subsystems/NEXUS/tests/test_analyzer.py,subsystems/subsystems/NEXUS/README.md,to
subsystems/NEXUS/tests/test_analyzer.py,subsystems/subsystems/NEXUS/ROADMAP.md,to
subsystems/NEXUS/tests/test_nexus_core.py,subsystems/MQP.md,to
subsystems/NEXUS/tests/test_nexus_core.py,subsystems/ROADMAP.md,to
subsystems/NEXUS/tests/test_nexus_core.py,subsystems/subsystems/NEXUS/README.md,to
subsystems/NEXUS/tests/test_nexus_core.py,subsystems/subsystems/NEXUS/ROADMAP.md,to
subsystems/NEXUS/tests/test_nexus_service.py,subsystems/MQP.md,to
subsystems/NEXUS/tests/test_nexus_service.py,subsystems/ROADMAP.md,to
subsystems/NEXUS/tests/test_nexus_service.py,subsystems/subsystems/NEXUS/README.md,to
subsystems/NEXUS/tests/test_nexus_service.py,subsystems/subsystems/NEXUS/ROADMAP.md,to
subsystems/NEXUS/tests/nexus/test_placeholder.py,subsystems/NEXUS/MQP.md,to
subsystems/NEXUS/tests/nexus/test_placeholder.py,subsystems/NEXUS/ROADMAP.md,to
subsystems/NEXUS/tests/nexus/test_placeholder.py,subsystems/NEXUS/subsystems/NEXUS/README.md,to
subsystems/NEXUS/tests/nexus/test_placeholder.py,subsystems/NEXUS/subsystems/NEXUS/ROADMAP.md,to
subsystems/MASTER/core/module.py,subsystems/MQP.md,to
subsystems/MASTER/core/module.py,subsystems/ROADMAP.md,to
subsystems/MASTER/core/module.py,subsystems/subsystems/MASTER/README.md,to
subsystems/MASTER/core/module.py,subsystems/subsystems/MASTER/ROADMAP.md,to
subsystems/MASTER/core/__init__.py,subsystems/MQP.md,to
subsystems/MASTER/core/__init__.py,subsystems/ROADMAP.md,to
subsystems/MASTER/core/__init__.py,subsystems/subsystems/MASTER/README.md,to
subsystems/MASTER/core/__init__.py,subsystems/subsystems/MASTER/ROADMAP.md,to
subsystems/MASTER/tests/test_module.py,subsystems/MQP.md,to
subsystems/MASTER/tests/test_module.py,subsystems/ROADMAP.md,to
subsystems/MASTER/tests/test_module.py,subsystems/subsystems/MASTER/README.md,to
subsystems/MASTER/tests/test_module.py,subsystems/subsystems/MASTER/ROADMAP.md,to
subsystems/MASTER/tests/__init__.py,subsystems/MQP.md,to
subsystems/MASTER/tests/__init__.py,subsystems/ROADMAP.md,to
subsystems/MASTER/tests/__init__.py,subsystems/subsystems/MASTER/README.md,to
subsystems/MASTER/tests/__init__.py,subsystems/subsystems/MASTER/ROADMAP.md,to
subsystems/TRANSLATOR/core/language/translate_tools.ps1,subsystems/TRANSLATOR/MQP.md,to
subsystems/TRANSLATOR/core/language/translate_tools.ps1,subsystems/TRANSLATOR/ROADMAP.md,to
subsystems/TRANSLATOR/core/language/translate_tools.ps1,subsystems/TRANSLATOR/subsystems/TRANSLATOR/README.md,to
subsystems/TRANSLATOR/core/language/translate_tools.ps1,subsystems/TRANSLATOR/subsystems/TRANSLATOR/ROADMAP.md,to
subsystems/TRANSLATOR/core/language/ai_translation_log.txt,subsystems/TRANSLATOR/MQP.md,to
subsystems/TRANSLATOR/core/language/ai_translation_log.txt,subsystems/TRANSLATOR/ROADMAP.md,to
subsystems/TRANSLATOR/core/language/ai_translation_log.txt,subsystems/TRANSLATOR/subsystems/TRANSLATOR/README.md,to
subsystems/TRANSLATOR/core/language/ai_translation_log.txt,subsystems/TRANSLATOR/subsystems/TRANSLATOR/ROADMAP.md,to
subsystems/TRANSLATOR/core/language/translation_log.txt,subsystems/TRANSLATOR/MQP.md,to
subsystems/TRANSLATOR/core/language/translation_log.txt,subsystems/TRANSLATOR/ROADMAP.md,to
subsystems/TRANSLATOR/core/language/translation_log.txt,subsystems/TRANSLATOR/subsystems/TRANSLATOR/README.md,to
subsystems/TRANSLATOR/core/language/translation_log.txt,subsystems/TRANSLATOR/subsystems/TRANSLATOR/ROADMAP.md,to
.github/workflows/update-cross-ref-visualization.yml,MQP.md,to
.github/workflows/update-cross-ref-visualization.yml,ROADMAP.md,to
.github/workflows/update-cross-ref-visualization.yml,docs/process/cross_reference_management.md,to
.github/workflows/update-cross-ref-visualization.yml,docs/process/path_exclusion_pattern.md,to
.github/workflows/update-cross-ref-visualization.yml,scripts/analysis/cross_ref_web_exporter.py,to
.github/workflows/update-cross-ref-visualization.yml,scripts/analysis/enhanced_cross_ref_dashboard.py,to
